,year,sample,yearSampleLabel,Cohort,CohortLabel,stattype,subject,grade,scale,jurisdiction,jurisLabel,variable,variableLabel,varValue,varValueLabel,value,isStatDisplayable,errorFlag
0,2015,R3,2015,1,Grade 4,ALD:AD,MAT,4,MRPCM,AK,Alaska,TOTAL,All students,1,All students,6.01058578494045,1,0
1,2015,R3,2015,1,Grade 4,ALD:BA,MAT,4,MRPCM,AK,Alaska,TOTAL,All students,1,All students,42.59416937509,1,0
2,2015,R3,2015,1,Grade 4,MN:MN,MAT,4,MRPCM,AK,Alaska,TOTAL,All students,1,All students,236.328416950897,1,0
3,2015,R3,2015,1,Grade 4,ALD:PR,MAT,4,MRPCM,AK,Alaska,TOTAL,All students,1,All students,29.1029368282933,1,0
4,2015,R3,2015,1,Grade 4,SD:SD,MAT,4,MRPCM,AK,Alaska,TOTAL,All students,1,All students,31.0323983109868,1,0
5,2015,R3,2015,1,Grade 4,ALD:AD,MAT,4,MRPCM,AL,Alabama,TOTAL,All students,1,All students,2.25453900196444,1,0
6,2015,R3,2015,1,Grade 4,ALD:BA,MAT,4,MRPCM,AL,Alabama,TOTAL,All students,1,All students,48.5179502018787,1,0
7,2015,R3,2015,1,Grade 4,MN:MN,MAT,4,MRPCM,AL,Alabama,TOTAL,All students,1,All students,230.977422662321,1,0
8,2015,R3,2015,1,Grade 4,ALD:PR,MAT,4,MRPCM,AL,Alabama,TOTAL,All students,1,All students,23.8253876086053,1,0
9,2015,R3,2015,1,Grade 4,SD:SD,MAT,4,MRPCM,AL,Alabama,TOTAL,All students,1,All students,27.435285452494,1,0
10,2015,R3,2015,1,Grade 4,ALD:AD,MAT,4,MRPCM,AR,Arkansas,TOTAL,All students,1,All students,3.48282228521959,1,0
11,2015,R3,2015,1,Grade 4,ALD:BA,MAT,4,MRPCM,AR,Arkansas,TOTAL,All students,1,All students,46.6491212039039,1,0
12,2015,R3,2015,1,Grade 4,MN:MN,MAT,4,MRPCM,AR,Arkansas,TOTAL,All students,1,All students,235.215469726642,1,0
13,2015,R3,2015,1,Grade 4,ALD:PR,MAT,4,MRPCM,AR,Arkansas,TOTAL,All students,1,All students,28.4721407926837,1,0
14,2015,R3,2015,1,Grade 4,SD:SD,MAT,4,MRPCM,AR,Arkansas,TOTAL,All students,1,All students,27.5204149882338,1,0
15,2015,R3,2015,1,Grade 4,ALD:AD,MAT,4,MRPCM,AZ,Arizona,TOTAL,All students,1,All students,5.99887015246869,1,0
16,2015,R3,2015,1,Grade 4,ALD:BA,MAT,4,MRPCM,AZ,Arizona,TOTAL,All students,1,All students,40.9271747612345,1,0
17,2015,R3,2015,1,Grade 4,MN:MN,MAT,4,MRPCM,AZ,Arizona,TOTAL,All students,1,All students,237.61175542795,1,0
18,2015,R3,2015,1,Grade 4,ALD:PR,MAT,4,MRPCM,AZ,Arizona,TOTAL,All students,1,All students,31.8438510431552,1,0
19,2015,R3,2015,1,Grade 4,SD:SD,MAT,4,MRPCM,AZ,Arizona,TOTAL,All students,1,All students,30.2094901991831,1,0
20,2015,R3,2015,1,Grade 4,ALD:AD,MAT,4,MRPCM,CA,California,TOTAL,All students,1,All students,4.658120193184,1,0
21,2015,R3,2015,1,Grade 4,ALD:BA,MAT,4,MRPCM,CA,California,TOTAL,All students,1,All students,43.1983399410318,1,0
22,2015,R3,2015,1,Grade 4,MN:MN,MAT,4,MRPCM,CA,California,TOTAL,All students,1,All students,231.549345006155,1,0
23,2015,R3,2015,1,Grade 4,ALD:PR,MAT,4,MRPCM,CA,California,TOTAL,All students,1,All students,24.504857308257,1,0
24,2015,R3,2015,1,Grade 4,SD:SD,MAT,4,MRPCM,CA,California,TOTAL,All students,1,All students,31.1122941608928,1,0
25,2015,R3,2015,1,Grade 4,ALD:AD,MAT,4,MRPCM,CO,Colorado,TOTAL,All students,1,All students,8.4348124498237,1,0
26,2015,R3,2015,1,Grade 4,ALD:BA,MAT,4,MRPCM,CO,Colorado,TOTAL,All students,1,All students,39.349123523491,1,0
27,2015,R3,2015,1,Grade 4,MN:MN,MAT,4,MRPCM,CO,Colorado,TOTAL,All students,1,All students,241.563575620412,1,0
28,2015,R3,2015,1,Grade 4,ALD:PR,MAT,4,MRPCM,CO,Colorado,TOTAL,All students,1,All students,34.2248971103049,1,0
29,2015,R3,2015,1,Grade 4,SD:SD,MAT,4,MRPCM,CO,Colorado,TOTAL,All students,1,All students,30.7944551608916,1,0
30,2015,R3,2015,1,Grade 4,ALD:AD,MAT,4,MRPCM,CT,Connecticut,TOTAL,All students,1,All students,7.15595404868282,1,0
31,2015,R3,2015,1,Grade 4,ALD:BA,MAT,4,MRPCM,CT,Connecticut,TOTAL,All students,1,All students,39.6361199171834,1,0
32,2015,R3,2015,1,Grade 4,MN:MN,MAT,4,MRPCM,CT,Connecticut,TOTAL,All students,1,All students,240.159468855002,1,0
33,2015,R3,2015,1,Grade 4,ALD:PR,MAT,4,MRPCM,CT,Connecticut,TOTAL,All students,1,All students,33.736501225303,1,0
34,2015,R3,2015,1,Grade 4,SD:SD,MAT,4,MRPCM,CT,Connecticut,TOTAL,All students,1,All students,30.2026792364115,1,0
35,2015,R3,2015,1,Grade 4,ALD:AD,MAT,4,MRPCM,DC,District of Columbia,TOTAL,All students,1,All students,7.04560395365123,1,0
36,2015,R3,2015,1,Grade 4,ALD:BA,MAT,4,MRPCM,DC,District of Columbia,TOTAL,All students,1,All students,38.499983204684,1,0
37,2015,R3,2015,1,Grade 4,MN:MN,MAT,4,MRPCM,DC,District of Columbia,TOTAL,All students,1,All students,231.307525116183,1,0
38,2015,R3,2015,1,Grade 4,ALD:PR,MAT,4,MRPCM,DC,District of Columbia,TOTAL,All students,1,All students,23.6388568515543,1,0
39,2015,R3,2015,1,Grade 4,SD:SD,MAT,4,MRPCM,DC,District of Columbia,TOTAL,All students,1,All students,34.3049661449359,1,0
40,2015,R3,2015,1,Grade 4,ALD:AD,MAT,4,MRPCM,DE,Delaware,TOTAL,All students,1,All students,5.07961429045369,1,0
41,2015,R3,2015,1,Grade 4,ALD:BA,MAT,4,MRPCM,DE,Delaware,TOTAL,All students,1,All students,44.9629580201832,1,0
42,2015,R3,2015,1,Grade 4,MN:MN,MAT,4,MRPCM,DE,Delaware,TOTAL,All students,1,All students,238.67801881991,1,0
43,2015,R3,2015,1,Grade 4,ALD:PR,MAT,4,MRPCM,DE,Delaware,TOTAL,All students,1,All students,31.7192549719077,1,0
44,2015,R3,2015,1,Grade 4,SD:SD,MAT,4,MRPCM,DE,Delaware,TOTAL,All students,1,All students,27.9437383995088,1,0
45,2015,R3,2015,1,Grade 4,ALD:AD,MAT,4,MRPCM,FL,Florida,TOTAL,All students,1,All students,7.10397308677242,1,0
46,2015,R3,2015,1,Grade 4,ALD:BA,MAT,4,MRPCM,FL,Florida,TOTAL,All students,1,All students,42.9567344690546,1,0
47,2015,R3,2015,1,Grade 4,MN:MN,MAT,4,MRPCM,FL,Florida,TOTAL,All students,1,All students,242.664320928614,1,0
48,2015,R3,2015,1,Grade 4,ALD:PR,MAT,4,MRPCM,FL,Florida,TOTAL,All students,1,All students,34.9212082853474,1,0
49,2015,R3,2015,1,Grade 4,SD:SD,MAT,4,MRPCM,FL,Florida,TOTAL,All students,1,All students,27.5626250341149,1,0
50,2015,R3,2015,1,Grade 4,ALD:AD,MAT,4,MRPCM,GA,Georgia,TOTAL,All students,1,All students,5.13911179004089,1,0
51,2015,R3,2015,1,Grade 4,ALD:BA,MAT,4,MRPCM,GA,Georgia,TOTAL,All students,1,All students,43.0905227481724,1,0
52,2015,R3,2015,1,Grade 4,MN:MN,MAT,4,MRPCM,GA,Georgia,TOTAL,All students,1,All students,236.452519256357,1,0
53,2015,R3,2015,1,Grade 4,ALD:PR,MAT,4,MRPCM,GA,Georgia,TOTAL,All students,1,All students,29.4923812264063,1,0
54,2015,R3,2015,1,Grade 4,SD:SD,MAT,4,MRPCM,GA,Georgia,TOTAL,All students,1,All students,28.9034162101439,1,0
55,2015,R3,2015,1,Grade 4,ALD:AD,MAT,4,MRPCM,HI,Hawaii,TOTAL,All students,1,All students,6.58606410682619,1,0
56,2015,R3,2015,1,Grade 4,ALD:BA,MAT,4,MRPCM,HI,Hawaii,TOTAL,All students,1,All students,40.4745425244809,1,0
57,2015,R3,2015,1,Grade 4,MN:MN,MAT,4,MRPCM,HI,Hawaii,TOTAL,All students,1,All students,237.895806837329,1,0
58,2015,R3,2015,1,Grade 4,ALD:PR,MAT,4,MRPCM,HI,Hawaii,TOTAL,All students,1,All students,31.6962006906849,1,0
59,2015,R3,2015,1,Grade 4,SD:SD,MAT,4,MRPCM,HI,Hawaii,TOTAL,All students,1,All students,31.3272212147583,1,0
60,2015,R3,2015,1,Grade 4,ALD:AD,MAT,4,MRPCM,IA,Iowa,TOTAL,All students,1,All students,8.70462563955181,1,0
61,2015,R3,2015,1,Grade 4,ALD:BA,MAT,4,MRPCM,IA,Iowa,TOTAL,All students,1,All students,39.8152255251911,1,0
62,2015,R3,2015,1,Grade 4,MN:MN,MAT,4,MRPCM,IA,Iowa,TOTAL,All students,1,All students,243.339911874178,1,0
63,2015,R3,2015,1,Grade 4,ALD:PR,MAT,4,MRPCM,IA,Iowa,TOTAL,All students,1,All students,35.5954155275144,1,0
64,2015,R3,2015,1,Grade 4,SD:SD,MAT,4,MRPCM,IA,Iowa,TOTAL,All students,1,All students,29.6510127934135,1,0
65,2015,R3,2015,1,Grade 4,ALD:AD,MAT,4,MRPCM,ID,Idaho,TOTAL,All students,1,All students,5.82607068925198,1,0
66,2015,R3,2015,1,Grade 4,ALD:BA,MAT,4,MRPCM,ID,Idaho,TOTAL,All students,1,All students,42.0232921000311,1,0
67,2015,R3,2015,1,Grade 4,MN:MN,MAT,4,MRPCM,ID,Idaho,TOTAL,All students,1,All students,238.799624712685,1,0
68,2015,R3,2015,1,Grade 4,ALD:PR,MAT,4,MRPCM,ID,Idaho,TOTAL,All students,1,All students,32.3276360720408,1,0
69,2015,R3,2015,1,Grade 4,SD:SD,MAT,4,MRPCM,ID,Idaho,TOTAL,All students,1,All students,29.0005499161357,1,0
70,2015,R3,2015,1,Grade 4,ALD:AD,MAT,4,MRPCM,IL,Illinois,TOTAL,All students,1,All students,7.82682864023374,1,0
71,2015,R3,2015,1,Grade 4,ALD:BA,MAT,4,MRPCM,IL,Illinois,TOTAL,All students,1,All students,40.4238551284934,1,0
72,2015,R3,2015,1,Grade 4,MN:MN,MAT,4,MRPCM,IL,Illinois,TOTAL,All students,1,All students,237.307813789509,1,0
73,2015,R3,2015,1,Grade 4,ALD:PR,MAT,4,MRPCM,IL,Illinois,TOTAL,All students,1,All students,28.8163039373845,1,0
74,2015,R3,2015,1,Grade 4,SD:SD,MAT,4,MRPCM,IL,Illinois,TOTAL,All students,1,All students,32.2444417457682,1,0
75,2015,R3,2015,1,Grade 4,ALD:AD,MAT,4,MRPCM,IN,Indiana,TOTAL,All students,1,All students,9.3756531717604,1,0
76,2015,R3,2015,1,Grade 4,ALD:BA,MAT,4,MRPCM,IN,Indiana,TOTAL,All students,1,All students,39.5207973533857,1,0
77,2015,R3,2015,1,Grade 4,MN:MN,MAT,4,MRPCM,IN,Indiana,TOTAL,All students,1,All students,247.652183620087,1,0
78,2015,R3,2015,1,Grade 4,ALD:PR,MAT,4,MRPCM,IN,Indiana,TOTAL,All students,1,All students,40.3727363609741,1,0
79,2015,R3,2015,1,Grade 4,SD:SD,MAT,4,MRPCM,IN,Indiana,TOTAL,All students,1,All students,27.0371241224539,1,0
80,2015,R3,2015,1,Grade 4,ALD:AD,MAT,4,MRPCM,KS,Kansas,TOTAL,All students,1,All students,7.12813326531188,1,0
81,2015,R3,2015,1,Grade 4,ALD:BA,MAT,4,MRPCM,KS,Kansas,TOTAL,All students,1,All students,41.5548631718805,1,0
82,2015,R3,2015,1,Grade 4,MN:MN,MAT,4,MRPCM,KS,Kansas,TOTAL,All students,1,All students,241.067208517258,1,0
83,2015,R3,2015,1,Grade 4,ALD:PR,MAT,4,MRPCM,KS,Kansas,TOTAL,All students,1,All students,34.1951151538903,1,0
84,2015,R3,2015,1,Grade 4,SD:SD,MAT,4,MRPCM,KS,Kansas,TOTAL,All students,1,All students,29.2653410534,1,0
85,2015,R3,2015,1,Grade 4,ALD:AD,MAT,4,MRPCM,KY,Kentucky,TOTAL,All students,1,All students,7.03272203824925,1,0
86,2015,R3,2015,1,Grade 4,ALD:BA,MAT,4,MRPCM,KY,Kentucky,TOTAL,All students,1,All students,43.5945462088124,1,0
87,2015,R3,2015,1,Grade 4,MN:MN,MAT,4,MRPCM,KY,Kentucky,TOTAL,All students,1,All students,241.727761931052,1,0
88,2015,R3,2015,1,Grade 4,ALD:PR,MAT,4,MRPCM,KY,Kentucky,TOTAL,All students,1,All students,33.4518318963393,1,0
89,2015,R3,2015,1,Grade 4,SD:SD,MAT,4,MRPCM,KY,Kentucky,TOTAL,All students,1,All students,27.8092173732482,1,0
90,2015,R3,2015,1,Grade 4,ALD:AD,MAT,4,MRPCM,LA,Louisiana,TOTAL,All students,1,All students,3.50097242431962,1,0
91,2015,R3,2015,1,Grade 4,ALD:BA,MAT,4,MRPCM,LA,Louisiana,TOTAL,All students,1,All students,47.8828918312394,1,0
92,2015,R3,2015,1,Grade 4,MN:MN,MAT,4,MRPCM,LA,Louisiana,TOTAL,All students,1,All students,234.28190182677,1,0
93,2015,R3,2015,1,Grade 4,ALD:PR,MAT,4,MRPCM,LA,Louisiana,TOTAL,All students,1,All students,26.1377995607855,1,0
94,2015,R3,2015,1,Grade 4,SD:SD,MAT,4,MRPCM,LA,Louisiana,TOTAL,All students,1,All students,26.9040930674823,1,0
95,2015,R3,2015,1,Grade 4,ALD:AD,MAT,4,MRPCM,MA,Massachusetts,TOTAL,All students,1,All students,13.099826644216,1,0
96,2015,R3,2015,1,Grade 4,ALD:BA,MAT,4,MRPCM,MA,Massachusetts,TOTAL,All students,1,All students,35.6632814900481,1,0
97,2015,R3,2015,1,Grade 4,MN:MN,MAT,4,MRPCM,MA,Massachusetts,TOTAL,All students,1,All students,250.565777826282,1,0
98,2015,R3,2015,1,Grade 4,ALD:PR,MAT,4,MRPCM,MA,Massachusetts,TOTAL,All students,1,All students,40.8400373306351,1,0
99,2015,R3,2015,1,Grade 4,SD:SD,MAT,4,MRPCM,MA,Massachusetts,TOTAL,All students,1,All students,28.6787039713925,1,0
100,2015,R3,2015,1,Grade 4,ALD:AD,MAT,4,MRPCM,MD,Maryland,TOTAL,All students,1,All students,7.86000560869218,1,0
101,2015,R3,2015,1,Grade 4,ALD:BA,MAT,4,MRPCM,MD,Maryland,TOTAL,All students,1,All students,38.7825469628025,1,0
102,2015,R3,2015,1,Grade 4,MN:MN,MAT,4,MRPCM,MD,Maryland,TOTAL,All students,1,All students,239.49975090765,1,0
103,2015,R3,2015,1,Grade 4,ALD:PR,MAT,4,MRPCM,MD,Maryland,TOTAL,All students,1,All students,32.2936577382564,1,0
104,2015,R3,2015,1,Grade 4,SD:SD,MAT,4,MRPCM,MD,Maryland,TOTAL,All students,1,All students,31.523097790493,1,0
105,2015,R3,2015,1,Grade 4,ALD:AD,MAT,4,MRPCM,ME,Maine,TOTAL,All students,1,All students,7.4616198646386,1,0
106,2015,R3,2015,1,Grade 4,ALD:BA,MAT,4,MRPCM,ME,Maine,TOTAL,All students,1,All students,43.7048187214457,1,0
107,2015,R3,2015,1,Grade 4,MN:MN,MAT,4,MRPCM,ME,Maine,TOTAL,All students,1,All students,242.244654099765,1,0
108,2015,R3,2015,1,Grade 4,ALD:PR,MAT,4,MRPCM,ME,Maine,TOTAL,All students,1,All students,33.6461057162148,1,0
109,2015,R3,2015,1,Grade 4,SD:SD,MAT,4,MRPCM,ME,Maine,TOTAL,All students,1,All students,28.2125758630003,1,0
110,2015,R3,2015,1,Grade 4,ALD:AD,MAT,4,MRPCM,MI,Michigan,TOTAL,All students,1,All students,4.94956234017353,1,0
111,2015,R3,2015,1,Grade 4,ALD:BA,MAT,4,MRPCM,MI,Michigan,TOTAL,All students,1,All students,43.54342044831,1,0
112,2015,R3,2015,1,Grade 4,MN:MN,MAT,4,MRPCM,MI,Michigan,TOTAL,All students,1,All students,235.728893690295,1,0
113,2015,R3,2015,1,Grade 4,ALD:PR,MAT,4,MRPCM,MI,Michigan,TOTAL,All students,1,All students,29.0054300205007,1,0
114,2015,R3,2015,1,Grade 4,SD:SD,MAT,4,MRPCM,MI,Michigan,TOTAL,All students,1,All students,29.7594078553347,1,0
115,2015,R3,2015,1,Grade 4,ALD:AD,MAT,4,MRPCM,MN,Minnesota,TOTAL,All students,1,All students,14.2883318499862,1,0
116,2015,R3,2015,1,Grade 4,ALD:BA,MAT,4,MRPCM,MN,Minnesota,TOTAL,All students,1,All students,33.7842229997857,1,0
117,2015,R3,2015,1,Grade 4,MN:MN,MAT,4,MRPCM,MN,Minnesota,TOTAL,All students,1,All students,249.575846952089,1,0
118,2015,R3,2015,1,Grade 4,ALD:PR,MAT,4,MRPCM,MN,Minnesota,TOTAL,All students,1,All students,39.1286931510484,1,0
119,2015,R3,2015,1,Grade 4,SD:SD,MAT,4,MRPCM,MN,Minnesota,TOTAL,All students,1,All students,31.5397884134219,1,0
120,2015,R3,2015,1,Grade 4,ALD:AD,MAT,4,MRPCM,MO,Missouri,TOTAL,All students,1,All students,5.11558624644314,1,0
121,2015,R3,2015,1,Grade 4,ALD:BA,MAT,4,MRPCM,MO,Missouri,TOTAL,All students,1,All students,43.5026803152777,1,0
122,2015,R3,2015,1,Grade 4,MN:MN,MAT,4,MRPCM,MO,Missouri,TOTAL,All students,1,All students,238.964922500718,1,0
123,2015,R3,2015,1,Grade 4,ALD:PR,MAT,4,MRPCM,MO,Missouri,TOTAL,All students,1,All students,33.2565420053469,1,0
124,2015,R3,2015,1,Grade 4,SD:SD,MAT,4,MRPCM,MO,Missouri,TOTAL,All students,1,All students,28.7963449641114,1,0
125,2015,R3,2015,1,Grade 4,ALD:AD,MAT,4,MRPCM,MS,Mississippi,TOTAL,All students,1,All students,3.39069650138636,1,0
126,2015,R3,2015,1,Grade 4,ALD:BA,MAT,4,MRPCM,MS,Mississippi,TOTAL,All students,1,All students,48.1148412010479,1,0
127,2015,R3,2015,1,Grade 4,MN:MN,MAT,4,MRPCM,MS,Mississippi,TOTAL,All students,1,All students,234.243053139768,1,0
128,2015,R3,2015,1,Grade 4,ALD:PR,MAT,4,MRPCM,MS,Mississippi,TOTAL,All students,1,All students,26.1606994373968,1,0
129,2015,R3,2015,1,Grade 4,SD:SD,MAT,4,MRPCM,MS,Mississippi,TOTAL,All students,1,All students,26.808295636452,1,0
130,2015,R3,2015,1,Grade 4,ALD:AD,MAT,4,MRPCM,MT,Montana,TOTAL,All students,1,All students,6.41787725146054,1,0
131,2015,R3,2015,1,Grade 4,ALD:BA,MAT,4,MRPCM,MT,Montana,TOTAL,All students,1,All students,42.7960601337051,1,0
132,2015,R3,2015,1,Grade 4,MN:MN,MAT,4,MRPCM,MT,Montana,TOTAL,All students,1,All students,241.287048262014,1,0
133,2015,R3,2015,1,Grade 4,ALD:PR,MAT,4,MRPCM,MT,Montana,TOTAL,All students,1,All students,34.5309560529594,1,0
134,2015,R3,2015,1,Grade 4,SD:SD,MAT,4,MRPCM,MT,Montana,TOTAL,All students,1,All students,27.9452765357007,1,0
135,2015,R3,2015,1,Grade 4,ALD:AD,MAT,4,MRPCM,NC,North Carolina,TOTAL,All students,1,All students,8.10351962654392,1,0
136,2015,R3,2015,1,Grade 4,ALD:BA,MAT,4,MRPCM,NC,North Carolina,TOTAL,All students,1,All students,40.8553755000045,1,0
137,2015,R3,2015,1,Grade 4,MN:MN,MAT,4,MRPCM,NC,North Carolina,TOTAL,All students,1,All students,243.742266788879,1,0
138,2015,R3,2015,1,Grade 4,ALD:PR,MAT,4,MRPCM,NC,North Carolina,TOTAL,All students,1,All students,36.2552041838396,1,0
139,2015,R3,2015,1,Grade 4,SD:SD,MAT,4,MRPCM,NC,North Carolina,TOTAL,All students,1,All students,28.3358130760573,1,0
140,2015,R3,2015,1,Grade 4,ALD:AD,MAT,4,MRPCM,ND,North Dakota,TOTAL,All students,1,All students,7.89340175327189,1,0
141,2015,R3,2015,1,Grade 4,ALD:BA,MAT,4,MRPCM,ND,North Dakota,TOTAL,All students,1,All students,42.763857356835,1,0
142,2015,R3,2015,1,Grade 4,MN:MN,MAT,4,MRPCM,ND,North Dakota,TOTAL,All students,1,All students,244.71383057758,1,0
143,2015,R3,2015,1,Grade 4,ALD:PR,MAT,4,MRPCM,ND,North Dakota,TOTAL,All students,1,All students,36.8916562169671,1,0
144,2015,R3,2015,1,Grade 4,SD:SD,MAT,4,MRPCM,ND,North Dakota,TOTAL,All students,1,All students,27.1325453143352,1,0
145,2015,R3,2015,1,Grade 4,ALD:AD,MAT,4,MRPCM,NE,Nebraska,TOTAL,All students,1,All students,7.05749364824609,1,0
146,2015,R3,2015,1,Grade 4,ALD:BA,MAT,4,MRPCM,NE,Nebraska,TOTAL,All students,1,All students,40.1381559027141,1,0
147,2015,R3,2015,1,Grade 4,MN:MN,MAT,4,MRPCM,NE,Nebraska,TOTAL,All students,1,All students,243.863666875446,1,0
148,2015,R3,2015,1,Grade 4,ALD:PR,MAT,4,MRPCM,NE,Nebraska,TOTAL,All students,1,All students,38.4971913518114,1,0
149,2015,R3,2015,1,Grade 4,SD:SD,MAT,4,MRPCM,NE,Nebraska,TOTAL,All students,1,All students,27.6999237712665,1,0
150,2015,R3,2015,1,Grade 4,ALD:AD,MAT,4,MRPCM,NH,New Hampshire,TOTAL,All students,1,All students,10.0253902895908,1,0
151,2015,R3,2015,1,Grade 4,ALD:BA,MAT,4,MRPCM,NH,New Hampshire,TOTAL,All students,1,All students,39.5784616072638,1,0
152,2015,R3,2015,1,Grade 4,MN:MN,MAT,4,MRPCM,NH,New Hampshire,TOTAL,All students,1,All students,249.150621351838,1,0
153,2015,R3,2015,1,Grade 4,ALD:PR,MAT,4,MRPCM,NH,New Hampshire,TOTAL,All students,1,All students,41.4078389825291,1,0
154,2015,R3,2015,1,Grade 4,SD:SD,MAT,4,MRPCM,NH,New Hampshire,TOTAL,All students,1,All students,26.3810377780185,1,0
155,2015,R3,2015,1,Grade 4,ALD:AD,MAT,4,MRPCM,NJ,New Jersey,TOTAL,All students,1,All students,9.35658434707882,1,0
156,2015,R3,2015,1,Grade 4,ALD:BA,MAT,4,MRPCM,NJ,New Jersey,TOTAL,All students,1,All students,39.3992123370687,1,0
157,2015,R3,2015,1,Grade 4,MN:MN,MAT,4,MRPCM,NJ,New Jersey,TOTAL,All students,1,All students,245.383220077076,1,0
158,2015,R3,2015,1,Grade 4,ALD:PR,MAT,4,MRPCM,NJ,New Jersey,TOTAL,All students,1,All students,37.5120884532859,1,0
159,2015,R3,2015,1,Grade 4,SD:SD,MAT,4,MRPCM,NJ,New Jersey,TOTAL,All students,1,All students,28.962742164134,1,0
160,2015,R3,2015,1,Grade 4,ALD:AD,MAT,4,MRPCM,NM,New Mexico,TOTAL,All students,1,All students,3.18016537582252,1,0
161,2015,R3,2015,1,Grade 4,ALD:BA,MAT,4,MRPCM,NM,New Mexico,TOTAL,All students,1,All students,46.573478088339,1,0
162,2015,R3,2015,1,Grade 4,MN:MN,MAT,4,MRPCM,NM,New Mexico,TOTAL,All students,1,All students,231.167235964367,1,0
163,2015,R3,2015,1,Grade 4,ALD:PR,MAT,4,MRPCM,NM,New Mexico,TOTAL,All students,1,All students,23.7037662091691,1,0
164,2015,R3,2015,1,Grade 4,SD:SD,MAT,4,MRPCM,NM,New Mexico,TOTAL,All students,1,All students,28.5763210339325,1,0
165,2015,R3,2015,1,Grade 4,ALD:AD,MAT,4,MRPCM,NT,National,TOTAL,All students,1,All students,7.2850209188899,1,0
166,2015,R3,2015,1,Grade 4,ALD:BA,MAT,4,MRPCM,NT,National,TOTAL,All students,1,All students,41.611763827708,1,0
167,2015,R3,2015,1,Grade 4,MN:MN,MAT,4,MRPCM,NT,National,TOTAL,All students,1,All students,240.389287044695,1,0
168,2015,R3,2015,1,Grade 4,ALD:PR,MAT,4,MRPCM,NT,National,TOTAL,All students,1,All students,32.7638916012179,1,0
169,2015,R3,2015,1,Grade 4,SD:SD,MAT,4,MRPCM,NT,National,TOTAL,All students,1,All students,29.7929746733279,1,0
170,2015,R3,2015,1,Grade 4,ALD:AD,MAT,4,MRPCM,NV,Nevada,TOTAL,All students,1,All students,4.10708602309582,1,0
171,2015,R3,2015,1,Grade 4,ALD:BA,MAT,4,MRPCM,NV,Nevada,TOTAL,All students,1,All students,44.0682457242556,1,0
172,2015,R3,2015,1,Grade 4,MN:MN,MAT,4,MRPCM,NV,Nevada,TOTAL,All students,1,All students,233.827016206925,1,0
173,2015,R3,2015,1,Grade 4,ALD:PR,MAT,4,MRPCM,NV,Nevada,TOTAL,All students,1,All students,27.772701335519,1,0
174,2015,R3,2015,1,Grade 4,SD:SD,MAT,4,MRPCM,NV,Nevada,TOTAL,All students,1,All students,29.6370596493444,1,0
175,2015,R3,2015,1,Grade 4,ALD:AD,MAT,4,MRPCM,NY,New York,TOTAL,All students,1,All students,5.26744212117397,1,0
176,2015,R3,2015,1,Grade 4,ALD:BA,MAT,4,MRPCM,NY,New York,TOTAL,All students,1,All students,43.9610779566646,1,0
177,2015,R3,2015,1,Grade 4,MN:MN,MAT,4,MRPCM,NY,New York,TOTAL,All students,1,All students,236.796927043204,1,0
178,2015,R3,2015,1,Grade 4,ALD:PR,MAT,4,MRPCM,NY,New York,TOTAL,All students,1,All students,29.6461088000607,1,0
179,2015,R3,2015,1,Grade 4,SD:SD,MAT,4,MRPCM,NY,New York,TOTAL,All students,1,All students,28.9155086798856,1,0
180,2015,R3,2015,1,Grade 4,ALD:AD,MAT,4,MRPCM,OH,Ohio,TOTAL,All students,1,All students,7.9516361386509,1,0
181,2015,R3,2015,1,Grade 4,ALD:BA,MAT,4,MRPCM,OH,Ohio,TOTAL,All students,1,All students,40.6105701541103,1,0
182,2015,R3,2015,1,Grade 4,MN:MN,MAT,4,MRPCM,OH,Ohio,TOTAL,All students,1,All students,243.598591203345,1,0
183,2015,R3,2015,1,Grade 4,ALD:PR,MAT,4,MRPCM,OH,Ohio,TOTAL,All students,1,All students,36.6368358355336,1,0
184,2015,R3,2015,1,Grade 4,SD:SD,MAT,4,MRPCM,OH,Ohio,TOTAL,All students,1,All students,28.7002068349043,1,0
185,2015,R3,2015,1,Grade 4,ALD:AD,MAT,4,MRPCM,OK,Oklahoma,TOTAL,All students,1,All students,5.07163669593315,1,0
186,2015,R3,2015,1,Grade 4,ALD:BA,MAT,4,MRPCM,OK,Oklahoma,TOTAL,All students,1,All students,47.5892669000771,1,0
187,2015,R3,2015,1,Grade 4,MN:MN,MAT,4,MRPCM,OK,Oklahoma,TOTAL,All students,1,All students,239.760481447062,1,0
188,2015,R3,2015,1,Grade 4,ALD:PR,MAT,4,MRPCM,OK,Oklahoma,TOTAL,All students,1,All students,31.606348219329,1,0
189,2015,R3,2015,1,Grade 4,SD:SD,MAT,4,MRPCM,OK,Oklahoma,TOTAL,All students,1,All students,26.4933694502236,1,0
190,2015,R3,2015,1,Grade 4,ALD:AD,MAT,4,MRPCM,OR,Oregon,TOTAL,All students,1,All students,5.89748562937554,1,0
191,2015,R3,2015,1,Grade 4,ALD:BA,MAT,4,MRPCM,OR,Oregon,TOTAL,All students,1,All students,41.9397718795948,1,0
192,2015,R3,2015,1,Grade 4,MN:MN,MAT,4,MRPCM,OR,Oregon,TOTAL,All students,1,All students,237.74670893826,1,0
193,2015,R3,2015,1,Grade 4,ALD:PR,MAT,4,MRPCM,OR,Oregon,TOTAL,All students,1,All students,31.1562091587903,1,0
194,2015,R3,2015,1,Grade 4,SD:SD,MAT,4,MRPCM,OR,Oregon,TOTAL,All students,1,All students,30.0278542562712,1,0
195,2015,R3,2015,1,Grade 4,ALD:AD,MAT,4,MRPCM,PA,Pennsylvania,TOTAL,All students,1,All students,9.67609919895917,1,0
196,2015,R3,2015,1,Grade 4,ALD:BA,MAT,4,MRPCM,PA,Pennsylvania,TOTAL,All students,1,All students,37.6854274775411,1,0
197,2015,R3,2015,1,Grade 4,MN:MN,MAT,4,MRPCM,PA,Pennsylvania,TOTAL,All students,1,All students,243.312239940824,1,0
198,2015,R3,2015,1,Grade 4,ALD:PR,MAT,4,MRPCM,PA,Pennsylvania,TOTAL,All students,1,All students,35.3079001080973,1,0
199,2015,R3,2015,1,Grade 4,SD:SD,MAT,4,MRPCM,PA,Pennsylvania,TOTAL,All students,1,All students,30.7073043536561,1,0
200,2015,R3,2015,1,Grade 4,ALD:AD,MAT,4,MRPCM,RI,Rhode Island,TOTAL,All students,1,All students,5.56389153500913,1,0
201,2015,R3,2015,1,Grade 4,ALD:BA,MAT,4,MRPCM,RI,Rhode Island,TOTAL,All students,1,All students,42.6397986990691,1,0
202,2015,R3,2015,1,Grade 4,MN:MN,MAT,4,MRPCM,RI,Rhode Island,TOTAL,All students,1,All students,238.001729682764,1,0
203,2015,R3,2015,1,Grade 4,ALD:PR,MAT,4,MRPCM,RI,Rhode Island,TOTAL,All students,1,All students,31.9220047650882,1,0
204,2015,R3,2015,1,Grade 4,SD:SD,MAT,4,MRPCM,RI,Rhode Island,TOTAL,All students,1,All students,29.7087579060751,1,0
205,2015,R3,2015,1,Grade 4,ALD:AD,MAT,4,MRPCM,SC,South Carolina,TOTAL,All students,1,All students,5.52766511756071,1,0
206,2015,R3,2015,1,Grade 4,ALD:BA,MAT,4,MRPCM,SC,South Carolina,TOTAL,All students,1,All students,43.0298239315976,1,0
207,2015,R3,2015,1,Grade 4,MN:MN,MAT,4,MRPCM,SC,South Carolina,TOTAL,All students,1,All students,237.089571458614,1,0
208,2015,R3,2015,1,Grade 4,ALD:PR,MAT,4,MRPCM,SC,South Carolina,TOTAL,All students,1,All students,30.5033672587769,1,0
209,2015,R3,2015,1,Grade 4,SD:SD,MAT,4,MRPCM,SC,South Carolina,TOTAL,All students,1,All students,29.9397198436556,1,0
210,2015,R3,2015,1,Grade 4,ALD:AD,MAT,4,MRPCM,SD,South Dakota,TOTAL,All students,1,All students,4.41103188444447,1,0
211,2015,R3,2015,1,Grade 4,ALD:BA,MAT,4,MRPCM,SD,South Dakota,TOTAL,All students,1,All students,43.0750191635018,1,0
212,2015,R3,2015,1,Grade 4,MN:MN,MAT,4,MRPCM,SD,South Dakota,TOTAL,All students,1,All students,239.723094945658,1,0
213,2015,R3,2015,1,Grade 4,ALD:PR,MAT,4,MRPCM,SD,South Dakota,TOTAL,All students,1,All students,35.345174312105,1,0
214,2015,R3,2015,1,Grade 4,SD:SD,MAT,4,MRPCM,SD,South Dakota,TOTAL,All students,1,All students,27.9602773136238,1,0
215,2015,R3,2015,1,Grade 4,ALD:AD,MAT,4,MRPCM,TN,Tennessee,TOTAL,All students,1,All students,6.54055577696502,1,0
216,2015,R3,2015,1,Grade 4,ALD:BA,MAT,4,MRPCM,TN,Tennessee,TOTAL,All students,1,All students,42.3250430045551,1,0
217,2015,R3,2015,1,Grade 4,MN:MN,MAT,4,MRPCM,TN,Tennessee,TOTAL,All students,1,All students,240.667395743119,1,0
218,2015,R3,2015,1,Grade 4,ALD:PR,MAT,4,MRPCM,TN,Tennessee,TOTAL,All students,1,All students,33.6328148408415,1,0
219,2015,R3,2015,1,Grade 4,SD:SD,MAT,4,MRPCM,TN,Tennessee,TOTAL,All students,1,All students,28.6033949882004,1,0
220,2015,R3,2015,1,Grade 4,ALD:AD,MAT,4,MRPCM,TX,Texas,TOTAL,All students,1,All students,8.25748916101127,1,0
221,2015,R3,2015,1,Grade 4,ALD:BA,MAT,4,MRPCM,TX,Texas,TOTAL,All students,1,All students,41.8970198599373,1,0
222,2015,R3,2015,1,Grade 4,MN:MN,MAT,4,MRPCM,TX,Texas,TOTAL,All students,1,All students,244.00247204328,1,0
223,2015,R3,2015,1,Grade 4,ALD:PR,MAT,4,MRPCM,TX,Texas,TOTAL,All students,1,All students,35.7242479988654,1,0
224,2015,R3,2015,1,Grade 4,SD:SD,MAT,4,MRPCM,TX,Texas,TOTAL,All students,1,All students,28.4465528380098,1,0
225,2015,R3,2015,1,Grade 4,ALD:AD,MAT,4,MRPCM,UT,Utah,TOTAL,All students,1,All students,7.39478214365313,1,0
226,2015,R3,2015,1,Grade 4,ALD:BA,MAT,4,MRPCM,UT,Utah,TOTAL,All students,1,All students,40.3337371894322,1,0
227,2015,R3,2015,1,Grade 4,MN:MN,MAT,4,MRPCM,UT,Utah,TOTAL,All students,1,All students,242.562787058815,1,0
228,2015,R3,2015,1,Grade 4,ALD:PR,MAT,4,MRPCM,UT,Utah,TOTAL,All students,1,All students,36.3674828045152,1,0
229,2015,R3,2015,1,Grade 4,SD:SD,MAT,4,MRPCM,UT,Utah,TOTAL,All students,1,All students,29.3518231574481,1,0
230,2015,R3,2015,1,Grade 4,ALD:AD,MAT,4,MRPCM,VA,Virginia,TOTAL,All students,1,All students,10.3865790316491,1,0
231,2015,R3,2015,1,Grade 4,ALD:BA,MAT,4,MRPCM,VA,Virginia,TOTAL,All students,1,All students,39.9694231548809,1,0
232,2015,R3,2015,1,Grade 4,MN:MN,MAT,4,MRPCM,VA,Virginia,TOTAL,All students,1,All students,246.612621705962,1,0
233,2015,R3,2015,1,Grade 4,ALD:PR,MAT,4,MRPCM,VA,Virginia,TOTAL,All students,1,All students,36.9627544189624,1,0
234,2015,R3,2015,1,Grade 4,SD:SD,MAT,4,MRPCM,VA,Virginia,TOTAL,All students,1,All students,28.326821347838,1,0
235,2015,R3,2015,1,Grade 4,ALD:AD,MAT,4,MRPCM,VT,Vermont,TOTAL,All students,1,All students,8.68688130187337,1,0
236,2015,R3,2015,1,Grade 4,ALD:BA,MAT,4,MRPCM,VT,Vermont,TOTAL,All students,1,All students,41.4528789404544,1,0
237,2015,R3,2015,1,Grade 4,MN:MN,MAT,4,MRPCM,VT,Vermont,TOTAL,All students,1,All students,243.250399158154,1,0
238,2015,R3,2015,1,Grade 4,ALD:PR,MAT,4,MRPCM,VT,Vermont,TOTAL,All students,1,All students,34.5062090069404,1,0
239,2015,R3,2015,1,Grade 4,SD:SD,MAT,4,MRPCM,VT,Vermont,TOTAL,All students,1,All students,28.813854520468,1,0
240,2015,R3,2015,1,Grade 4,ALD:AD,MAT,4,MRPCM,WA,Washington,TOTAL,All students,1,All students,12.1118224879064,1,0
241,2015,R3,2015,1,Grade 4,ALD:BA,MAT,4,MRPCM,WA,Washington,TOTAL,All students,1,All students,36.0947352848945,1,0
242,2015,R3,2015,1,Grade 4,MN:MN,MAT,4,MRPCM,WA,Washington,TOTAL,All students,1,All students,244.981422185301,1,0
243,2015,R3,2015,1,Grade 4,ALD:PR,MAT,4,MRPCM,WA,Washington,TOTAL,All students,1,All students,34.8193880540692,1,0
244,2015,R3,2015,1,Grade 4,SD:SD,MAT,4,MRPCM,WA,Washington,TOTAL,All students,1,All students,32.3980789066292,1,0
245,2015,R3,2015,1,Grade 4,ALD:AD,MAT,4,MRPCM,WI,Wisconsin,TOTAL,All students,1,All students,9.16696396655149,1,0
246,2015,R3,2015,1,Grade 4,ALD:BA,MAT,4,MRPCM,WI,Wisconsin,TOTAL,All students,1,All students,37.3267103310176,1,0
247,2015,R3,2015,1,Grade 4,MN:MN,MAT,4,MRPCM,WI,Wisconsin,TOTAL,All students,1,All students,243.310211318799,1,0
248,2015,R3,2015,1,Grade 4,ALD:PR,MAT,4,MRPCM,WI,Wisconsin,TOTAL,All students,1,All students,36.2457864010805,1,0
249,2015,R3,2015,1,Grade 4,SD:SD,MAT,4,MRPCM,WI,Wisconsin,TOTAL,All students,1,All students,30.4963592159625,1,0
250,2015,R3,2015,1,Grade 4,ALD:AD,MAT,4,MRPCM,WV,West Virginia,TOTAL,All students,1,All students,4.54830938127179,1,0
251,2015,R3,2015,1,Grade 4,ALD:BA,MAT,4,MRPCM,WV,West Virginia,TOTAL,All students,1,All students,45.0905287699257,1,0
252,2015,R3,2015,1,Grade 4,MN:MN,MAT,4,MRPCM,WV,West Virginia,TOTAL,All students,1,All students,235.204661462065,1,0
253,2015,R3,2015,1,Grade 4,ALD:PR,MAT,4,MRPCM,WV,West Virginia,TOTAL,All students,1,All students,28.0192250352613,1,0
254,2015,R3,2015,1,Grade 4,SD:SD,MAT,4,MRPCM,WV,West Virginia,TOTAL,All students,1,All students,29.2091779537358,1,0
255,2015,R3,2015,1,Grade 4,ALD:AD,MAT,4,MRPCM,WY,Wyoming,TOTAL,All students,1,All students,8.95719906753268,1,0
256,2015,R3,2015,1,Grade 4,ALD:BA,MAT,4,MRPCM,WY,Wyoming,TOTAL,All students,1,All students,40.1143546104777,1,0
257,2015,R3,2015,1,Grade 4,MN:MN,MAT,4,MRPCM,WY,Wyoming,TOTAL,All students,1,All students,246.759764467268,1,0
258,2015,R3,2015,1,Grade 4,ALD:PR,MAT,4,MRPCM,WY,Wyoming,TOTAL,All students,1,All students,39.3467751316868,1,0
259,2015,R3,2015,1,Grade 4,SD:SD,MAT,4,MRPCM,WY,Wyoming,TOTAL,All students,1,All students,27.2882289258033,1,0
260,2017,R3,2017,1,Grade 4,ALD:AD,MAT,4,MRPCM,AK,Alaska,TOTAL,All students,1,All students,5.22443574768237,1,0
261,2017,R3,2017,1,Grade 4,ALD:BA,MAT,4,MRPCM,AK,Alaska,TOTAL,All students,1,All students,39.2755073963535,1,0
262,2017,R3,2017,1,Grade 4,MN:MN,MAT,4,MRPCM,AK,Alaska,TOTAL,All students,1,All students,230.456277558902,1,0
263,2017,R3,2017,1,Grade 4,ALD:PR,MAT,4,MRPCM,AK,Alaska,TOTAL,All students,1,All students,26.4315198352904,1,0
264,2017,R3,2017,1,Grade 4,SD:SD,MAT,4,MRPCM,AK,Alaska,TOTAL,All students,1,All students,34.794512939379,1,0
265,2017,R3,2017,1,Grade 4,ALD:AD,MAT,4,MRPCM,AL,Alabama,TOTAL,All students,1,All students,3.55976071507748,1,0
266,2017,R3,2017,1,Grade 4,ALD:BA,MAT,4,MRPCM,AL,Alabama,TOTAL,All students,1,All students,42.1402349211444,1,0
267,2017,R3,2017,1,Grade 4,MN:MN,MAT,4,MRPCM,AL,Alabama,TOTAL,All students,1,All students,232.170687741509,1,0
268,2017,R3,2017,1,Grade 4,ALD:PR,MAT,4,MRPCM,AL,Alabama,TOTAL,All students,1,All students,27.6373753713413,1,0
269,2017,R3,2017,1,Grade 4,SD:SD,MAT,4,MRPCM,AL,Alabama,TOTAL,All students,1,All students,30.1181263326996,1,0
270,2017,R3,2017,1,Grade 4,ALD:AD,MAT,4,MRPCM,AR,Arkansas,TOTAL,All students,1,All students,4.93066895357988,1,0
271,2017,R3,2017,1,Grade 4,ALD:BA,MAT,4,MRPCM,AR,Arkansas,TOTAL,All students,1,All students,42.2704660008346,1,0
272,2017,R3,2017,1,Grade 4,MN:MN,MAT,4,MRPCM,AR,Arkansas,TOTAL,All students,1,All students,233.848143678937,1,0
273,2017,R3,2017,1,Grade 4,ALD:PR,MAT,4,MRPCM,AR,Arkansas,TOTAL,All students,1,All students,27.8019194237949,1,0
274,2017,R3,2017,1,Grade 4,SD:SD,MAT,4,MRPCM,AR,Arkansas,TOTAL,All students,1,All students,30.8963154390149,1,0
275,2017,R3,2017,1,Grade 4,ALD:AD,MAT,4,MRPCM,AZ,Arizona,TOTAL,All students,1,All students,6.98521324139226,1,0
276,2017,R3,2017,1,Grade 4,ALD:BA,MAT,4,MRPCM,AZ,Arizona,TOTAL,All students,1,All students,39.4225480514014,1,0
277,2017,R3,2017,1,Grade 4,MN:MN,MAT,4,MRPCM,AZ,Arizona,TOTAL,All students,1,All students,234.435788152091,1,0
278,2017,R3,2017,1,Grade 4,ALD:PR,MAT,4,MRPCM,AZ,Arizona,TOTAL,All students,1,All students,26.8949159322847,1,0
279,2017,R3,2017,1,Grade 4,SD:SD,MAT,4,MRPCM,AZ,Arizona,TOTAL,All students,1,All students,32.7119964613013,1,0
280,2017,R3,2017,1,Grade 4,ALD:AD,MAT,4,MRPCM,CA,California,TOTAL,All students,1,All students,6.24866144476786,1,0
281,2017,R3,2017,1,Grade 4,ALD:BA,MAT,4,MRPCM,CA,California,TOTAL,All students,1,All students,39.800781128935,1,0
282,2017,R3,2017,1,Grade 4,MN:MN,MAT,4,MRPCM,CA,California,TOTAL,All students,1,All students,232.262940994562,1,0
283,2017,R3,2017,1,Grade 4,ALD:PR,MAT,4,MRPCM,CA,California,TOTAL,All students,1,All students,24.9670636333732,1,0
284,2017,R3,2017,1,Grade 4,SD:SD,MAT,4,MRPCM,CA,California,TOTAL,All students,1,All students,32.9092843138564,1,0
285,2017,R3,2017,1,Grade 4,ALD:AD,MAT,4,MRPCM,CO,Colorado,TOTAL,All students,1,All students,8.76603271174066,1,0
286,2017,R3,2017,1,Grade 4,ALD:BA,MAT,4,MRPCM,CO,Colorado,TOTAL,All students,1,All students,37.7458930037247,1,0
287,2017,R3,2017,1,Grade 4,MN:MN,MAT,4,MRPCM,CO,Colorado,TOTAL,All students,1,All students,240.695016615505,1,0
288,2017,R3,2017,1,Grade 4,ALD:PR,MAT,4,MRPCM,CO,Colorado,TOTAL,All students,1,All students,33.6181015238624,1,0
289,2017,R3,2017,1,Grade 4,SD:SD,MAT,4,MRPCM,CO,Colorado,TOTAL,All students,1,All students,32.0924387179567,1,0
290,2017,R3,2017,1,Grade 4,ALD:AD,MAT,4,MRPCM,CT,Connecticut,TOTAL,All students,1,All students,7.66928277250421,1,0
291,2017,R3,2017,1,Grade 4,ALD:BA,MAT,4,MRPCM,CT,Connecticut,TOTAL,All students,1,All students,39.4079700102033,1,0
292,2017,R3,2017,1,Grade 4,MN:MN,MAT,4,MRPCM,CT,Connecticut,TOTAL,All students,1,All students,239.237650900737,1,0
293,2017,R3,2017,1,Grade 4,ALD:PR,MAT,4,MRPCM,CT,Connecticut,TOTAL,All students,1,All students,32.2556262717542,1,0
294,2017,R3,2017,1,Grade 4,SD:SD,MAT,4,MRPCM,CT,Connecticut,TOTAL,All students,1,All students,31.4322489156574,1,0
295,2017,R3,2017,1,Grade 4,ALD:AD,MAT,4,MRPCM,DC,District of Columbia,TOTAL,All students,1,All students,7.52515962672004,1,0
296,2017,R3,2017,1,Grade 4,ALD:BA,MAT,4,MRPCM,DC,District of Columbia,TOTAL,All students,1,All students,37.0590633715831,1,0
297,2017,R3,2017,1,Grade 4,MN:MN,MAT,4,MRPCM,DC,District of Columbia,TOTAL,All students,1,All students,231.320462145503,1,0
298,2017,R3,2017,1,Grade 4,ALD:PR,MAT,4,MRPCM,DC,District of Columbia,TOTAL,All students,1,All students,23.9863561915314,1,0
299,2017,R3,2017,1,Grade 4,SD:SD,MAT,4,MRPCM,DC,District of Columbia,TOTAL,All students,1,All students,35.5315098447129,1,0
300,2017,R3,2017,1,Grade 4,ALD:AD,MAT,4,MRPCM,DE,Delaware,TOTAL,All students,1,All students,6.86300031930026,1,0
301,2017,R3,2017,1,Grade 4,ALD:BA,MAT,4,MRPCM,DE,Delaware,TOTAL,All students,1,All students,40.781959286232,1,0
302,2017,R3,2017,1,Grade 4,MN:MN,MAT,4,MRPCM,DE,Delaware,TOTAL,All students,1,All students,236.127561706187,1,0
303,2017,R3,2017,1,Grade 4,ALD:PR,MAT,4,MRPCM,DE,Delaware,TOTAL,All students,1,All students,29.0602593131784,1,0
304,2017,R3,2017,1,Grade 4,SD:SD,MAT,4,MRPCM,DE,Delaware,TOTAL,All students,1,All students,32.4848850300778,1,0
305,2017,R3,2017,1,Grade 4,ALD:AD,MAT,4,MRPCM,FL,Florida,TOTAL,All students,1,All students,9.28246152870063,1,0
306,2017,R3,2017,1,Grade 4,ALD:BA,MAT,4,MRPCM,FL,Florida,TOTAL,All students,1,All students,40.531178568213,1,0
307,2017,R3,2017,1,Grade 4,MN:MN,MAT,4,MRPCM,FL,Florida,TOTAL,All students,1,All students,246.367695779459,1,0
308,2017,R3,2017,1,Grade 4,ALD:PR,MAT,4,MRPCM,FL,Florida,TOTAL,All students,1,All students,38.245242825649,1,0
309,2017,R3,2017,1,Grade 4,SD:SD,MAT,4,MRPCM,FL,Florida,TOTAL,All students,1,All students,27.3892838589966,1,0
310,2017,R3,2017,1,Grade 4,ALD:AD,MAT,4,MRPCM,GA,Georgia,TOTAL,All students,1,All students,6.49633054004425,1,0
311,2017,R3,2017,1,Grade 4,ALD:BA,MAT,4,MRPCM,GA,Georgia,TOTAL,All students,1,All students,41.2085726396341,1,0
312,2017,R3,2017,1,Grade 4,MN:MN,MAT,4,MRPCM,GA,Georgia,TOTAL,All students,1,All students,236.383603027145,1,0
313,2017,R3,2017,1,Grade 4,ALD:PR,MAT,4,MRPCM,GA,Georgia,TOTAL,All students,1,All students,28.9300883821945,1,0
314,2017,R3,2017,1,Grade 4,SD:SD,MAT,4,MRPCM,GA,Georgia,TOTAL,All students,1,All students,31.1906751632202,1,0
315,2017,R3,2017,1,Grade 4,ALD:AD,MAT,4,MRPCM,HI,Hawaii,TOTAL,All students,1,All students,6.32647678245941,1,0
316,2017,R3,2017,1,Grade 4,ALD:BA,MAT,4,MRPCM,HI,Hawaii,TOTAL,All students,1,All students,40.4225023518306,1,0
317,2017,R3,2017,1,Grade 4,MN:MN,MAT,4,MRPCM,HI,Hawaii,TOTAL,All students,1,All students,237.919768737113,1,0
318,2017,R3,2017,1,Grade 4,ALD:PR,MAT,4,MRPCM,HI,Hawaii,TOTAL,All students,1,All students,31.7796608203993,1,0
319,2017,R3,2017,1,Grade 4,SD:SD,MAT,4,MRPCM,HI,Hawaii,TOTAL,All students,1,All students,30.3990439136801,1,0
320,2017,R3,2017,1,Grade 4,ALD:AD,MAT,4,MRPCM,IA,Iowa,TOTAL,All students,1,All students,9.2835915751941,1,0
321,2017,R3,2017,1,Grade 4,ALD:BA,MAT,4,MRPCM,IA,Iowa,TOTAL,All students,1,All students,37.0264475783455,1,0
322,2017,R3,2017,1,Grade 4,MN:MN,MAT,4,MRPCM,IA,Iowa,TOTAL,All students,1,All students,243.107484364402,1,0
323,2017,R3,2017,1,Grade 4,ALD:PR,MAT,4,MRPCM,IA,Iowa,TOTAL,All students,1,All students,36.4457901415379,1,0
324,2017,R3,2017,1,Grade 4,SD:SD,MAT,4,MRPCM,IA,Iowa,TOTAL,All students,1,All students,31.451541316815,1,0
325,2017,R3,2017,1,Grade 4,ALD:AD,MAT,4,MRPCM,ID,Idaho,TOTAL,All students,1,All students,6.73627961572249,1,0
326,2017,R3,2017,1,Grade 4,ALD:BA,MAT,4,MRPCM,ID,Idaho,TOTAL,All students,1,All students,41.0978239923257,1,0
327,2017,R3,2017,1,Grade 4,MN:MN,MAT,4,MRPCM,ID,Idaho,TOTAL,All students,1,All students,239.967514081181,1,0
328,2017,R3,2017,1,Grade 4,ALD:PR,MAT,4,MRPCM,ID,Idaho,TOTAL,All students,1,All students,33.4529986147407,1,0
329,2017,R3,2017,1,Grade 4,SD:SD,MAT,4,MRPCM,ID,Idaho,TOTAL,All students,1,All students,29.4478450719328,1,0
330,2017,R3,2017,1,Grade 4,ALD:AD,MAT,4,MRPCM,IL,Illinois,TOTAL,All students,1,All students,9.04078182391995,1,0
331,2017,R3,2017,1,Grade 4,ALD:BA,MAT,4,MRPCM,IL,Illinois,TOTAL,All students,1,All students,37.6415549509594,1,0
332,2017,R3,2017,1,Grade 4,MN:MN,MAT,4,MRPCM,IL,Illinois,TOTAL,All students,1,All students,238.118947435674,1,0
333,2017,R3,2017,1,Grade 4,ALD:PR,MAT,4,MRPCM,IL,Illinois,TOTAL,All students,1,All students,29.5612289746058,1,0
334,2017,R3,2017,1,Grade 4,SD:SD,MAT,4,MRPCM,IL,Illinois,TOTAL,All students,1,All students,33.3790000772946,1,0
335,2017,R3,2017,1,Grade 4,ALD:AD,MAT,4,MRPCM,IN,Indiana,TOTAL,All students,1,All students,12.1389559396221,1,0
336,2017,R3,2017,1,Grade 4,ALD:BA,MAT,4,MRPCM,IN,Indiana,TOTAL,All students,1,All students,37.5869603730483,1,0
337,2017,R3,2017,1,Grade 4,MN:MN,MAT,4,MRPCM,IN,Indiana,TOTAL,All students,1,All students,246.513750055807,1,0
338,2017,R3,2017,1,Grade 4,ALD:PR,MAT,4,MRPCM,IN,Indiana,TOTAL,All students,1,All students,35.870182960799,1,0
339,2017,R3,2017,1,Grade 4,SD:SD,MAT,4,MRPCM,IN,Indiana,TOTAL,All students,1,All students,31.2904626308184,1,0
340,2017,R3,2017,1,Grade 4,ALD:AD,MAT,4,MRPCM,KS,Kansas,TOTAL,All students,1,All students,7.28100546354597,1,0
341,2017,R3,2017,1,Grade 4,ALD:BA,MAT,4,MRPCM,KS,Kansas,TOTAL,All students,1,All students,40.4236204461767,1,0
342,2017,R3,2017,1,Grade 4,MN:MN,MAT,4,MRPCM,KS,Kansas,TOTAL,All students,1,All students,241.21280456721,1,0
343,2017,R3,2017,1,Grade 4,ALD:PR,MAT,4,MRPCM,KS,Kansas,TOTAL,All students,1,All students,34.5378573416278,1,0
344,2017,R3,2017,1,Grade 4,SD:SD,MAT,4,MRPCM,KS,Kansas,TOTAL,All students,1,All students,29.4973426117703,1,0
345,2017,R3,2017,1,Grade 4,ALD:AD,MAT,4,MRPCM,KY,Kentucky,TOTAL,All students,1,All students,6.50815130583776,1,0
346,2017,R3,2017,1,Grade 4,ALD:BA,MAT,4,MRPCM,KY,Kentucky,TOTAL,All students,1,All students,40.3100277171011,1,0
347,2017,R3,2017,1,Grade 4,MN:MN,MAT,4,MRPCM,KY,Kentucky,TOTAL,All students,1,All students,239.17825740582,1,0
348,2017,R3,2017,1,Grade 4,ALD:PR,MAT,4,MRPCM,KY,Kentucky,TOTAL,All students,1,All students,33.2707363903001,1,0
349,2017,R3,2017,1,Grade 4,SD:SD,MAT,4,MRPCM,KY,Kentucky,TOTAL,All students,1,All students,30.4968913088743,1,0
350,2017,R3,2017,1,Grade 4,ALD:AD,MAT,4,MRPCM,LA,Louisiana,TOTAL,All students,1,All students,2.82455613384769,1,0
351,2017,R3,2017,1,Grade 4,ALD:BA,MAT,4,MRPCM,LA,Louisiana,TOTAL,All students,1,All students,43.8574570679829,1,0
352,2017,R3,2017,1,Grade 4,MN:MN,MAT,4,MRPCM,LA,Louisiana,TOTAL,All students,1,All students,228.971745398005,1,0
353,2017,R3,2017,1,Grade 4,ALD:PR,MAT,4,MRPCM,LA,Louisiana,TOTAL,All students,1,All students,23.9428494821941,1,0
354,2017,R3,2017,1,Grade 4,SD:SD,MAT,4,MRPCM,LA,Louisiana,TOTAL,All students,1,All students,30.6083564082351,1,0
355,2017,R3,2017,1,Grade 4,ALD:AD,MAT,4,MRPCM,MA,Massachusetts,TOTAL,All students,1,All students,13.2844755172984,1,0
356,2017,R3,2017,1,Grade 4,ALD:BA,MAT,4,MRPCM,MA,Massachusetts,TOTAL,All students,1,All students,34.1962066458306,1,0
357,2017,R3,2017,1,Grade 4,MN:MN,MAT,4,MRPCM,MA,Massachusetts,TOTAL,All students,1,All students,249.102673909928,1,0
358,2017,R3,2017,1,Grade 4,ALD:PR,MAT,4,MRPCM,MA,Massachusetts,TOTAL,All students,1,All students,39.6261171940228,1,0
359,2017,R3,2017,1,Grade 4,SD:SD,MAT,4,MRPCM,MA,Massachusetts,TOTAL,All students,1,All students,30.2345626829932,1,0
360,2017,R3,2017,1,Grade 4,ALD:AD,MAT,4,MRPCM,MD,Maryland,TOTAL,All students,1,All students,11.0542154372701,1,0
361,2017,R3,2017,1,Grade 4,ALD:BA,MAT,4,MRPCM,MD,Maryland,TOTAL,All students,1,All students,35.8318274243034,1,0
362,2017,R3,2017,1,Grade 4,MN:MN,MAT,4,MRPCM,MD,Maryland,TOTAL,All students,1,All students,240.601277324157,1,0
363,2017,R3,2017,1,Grade 4,ALD:PR,MAT,4,MRPCM,MD,Maryland,TOTAL,All students,1,All students,31.2856891434073,1,0
364,2017,R3,2017,1,Grade 4,SD:SD,MAT,4,MRPCM,MD,Maryland,TOTAL,All students,1,All students,34.2971625565292,1,0
365,2017,R3,2017,1,Grade 4,ALD:AD,MAT,4,MRPCM,ME,Maine,TOTAL,All students,1,All students,6.86100570584742,1,0
366,2017,R3,2017,1,Grade 4,ALD:BA,MAT,4,MRPCM,ME,Maine,TOTAL,All students,1,All students,41.1254375539156,1,0
367,2017,R3,2017,1,Grade 4,MN:MN,MAT,4,MRPCM,ME,Maine,TOTAL,All students,1,All students,239.898994523321,1,0
368,2017,R3,2017,1,Grade 4,ALD:PR,MAT,4,MRPCM,ME,Maine,TOTAL,All students,1,All students,33.3795292634721,1,0
369,2017,R3,2017,1,Grade 4,SD:SD,MAT,4,MRPCM,ME,Maine,TOTAL,All students,1,All students,30.2542028165974,1,0
370,2017,R3,2017,1,Grade 4,ALD:AD,MAT,4,MRPCM,MI,Michigan,TOTAL,All students,1,All students,7.25697883746538,1,0
371,2017,R3,2017,1,Grade 4,ALD:BA,MAT,4,MRPCM,MI,Michigan,TOTAL,All students,1,All students,39.0964871985139,1,0
372,2017,R3,2017,1,Grade 4,MN:MN,MAT,4,MRPCM,MI,Michigan,TOTAL,All students,1,All students,235.555472547462,1,0
373,2017,R3,2017,1,Grade 4,ALD:PR,MAT,4,MRPCM,MI,Michigan,TOTAL,All students,1,All students,28.2545122602939,1,0
374,2017,R3,2017,1,Grade 4,SD:SD,MAT,4,MRPCM,MI,Michigan,TOTAL,All students,1,All students,32.6421133227915,1,0
375,2017,R3,2017,1,Grade 4,ALD:AD,MAT,4,MRPCM,MN,Minnesota,TOTAL,All students,1,All students,14.4397931425558,1,0
376,2017,R3,2017,1,Grade 4,ALD:BA,MAT,4,MRPCM,MN,Minnesota,TOTAL,All students,1,All students,33.426278322488,1,0
377,2017,R3,2017,1,Grade 4,MN:MN,MAT,4,MRPCM,MN,Minnesota,TOTAL,All students,1,All students,248.804302567269,1,0
378,2017,R3,2017,1,Grade 4,ALD:PR,MAT,4,MRPCM,MN,Minnesota,TOTAL,All students,1,All students,38.128090454362,1,0
379,2017,R3,2017,1,Grade 4,SD:SD,MAT,4,MRPCM,MN,Minnesota,TOTAL,All students,1,All students,32.2075558196428,1,0
380,2017,R3,2017,1,Grade 4,ALD:AD,MAT,4,MRPCM,MO,Missouri,TOTAL,All students,1,All students,7.49656400854966,1,0
381,2017,R3,2017,1,Grade 4,ALD:BA,MAT,4,MRPCM,MO,Missouri,TOTAL,All students,1,All students,38.7775790780148,1,0
382,2017,R3,2017,1,Grade 4,MN:MN,MAT,4,MRPCM,MO,Missouri,TOTAL,All students,1,All students,239.502289164298,1,0
383,2017,R3,2017,1,Grade 4,ALD:PR,MAT,4,MRPCM,MO,Missouri,TOTAL,All students,1,All students,32.8415080160823,1,0
384,2017,R3,2017,1,Grade 4,SD:SD,MAT,4,MRPCM,MO,Missouri,TOTAL,All students,1,All students,31.1067974520661,1,0
385,2017,R3,2017,1,Grade 4,ALD:AD,MAT,4,MRPCM,MS,Mississippi,TOTAL,All students,1,All students,3.93217238484527,1,0
386,2017,R3,2017,1,Grade 4,ALD:BA,MAT,4,MRPCM,MS,Mississippi,TOTAL,All students,1,All students,45.8290836991431,1,0
387,2017,R3,2017,1,Grade 4,MN:MN,MAT,4,MRPCM,MS,Mississippi,TOTAL,All students,1,All students,234.69419302812,1,0
388,2017,R3,2017,1,Grade 4,ALD:PR,MAT,4,MRPCM,MS,Mississippi,TOTAL,All students,1,All students,27.481851037791,1,0
389,2017,R3,2017,1,Grade 4,SD:SD,MAT,4,MRPCM,MS,Mississippi,TOTAL,All students,1,All students,27.7578697626319,1,0
390,2017,R3,2017,1,Grade 4,ALD:AD,MAT,4,MRPCM,MT,Montana,TOTAL,All students,1,All students,5.99428388828854,1,0
391,2017,R3,2017,1,Grade 4,ALD:BA,MAT,4,MRPCM,MT,Montana,TOTAL,All students,1,All students,41.5396405529998,1,0
392,2017,R3,2017,1,Grade 4,MN:MN,MAT,4,MRPCM,MT,Montana,TOTAL,All students,1,All students,240.721634498618,1,0
393,2017,R3,2017,1,Grade 4,ALD:PR,MAT,4,MRPCM,MT,Montana,TOTAL,All students,1,All students,35.329287607371,1,0
394,2017,R3,2017,1,Grade 4,SD:SD,MAT,4,MRPCM,MT,Montana,TOTAL,All students,1,All students,29.12997638727,1,0
395,2017,R3,2017,1,Grade 4,ALD:AD,MAT,4,MRPCM,NC,North Carolina,TOTAL,All students,1,All students,8.59508037455356,1,0
396,2017,R3,2017,1,Grade 4,ALD:BA,MAT,4,MRPCM,NC,North Carolina,TOTAL,All students,1,All students,38.7031970797823,1,0
397,2017,R3,2017,1,Grade 4,MN:MN,MAT,4,MRPCM,NC,North Carolina,TOTAL,All students,1,All students,240.951393074866,1,0
398,2017,R3,2017,1,Grade 4,ALD:PR,MAT,4,MRPCM,NC,North Carolina,TOTAL,All students,1,All students,33.4173335619779,1,0
399,2017,R3,2017,1,Grade 4,SD:SD,MAT,4,MRPCM,NC,North Carolina,TOTAL,All students,1,All students,31.0961099578001,1,0
400,2017,R3,2017,1,Grade 4,ALD:AD,MAT,4,MRPCM,ND,North Dakota,TOTAL,All students,1,All students,8.00251634571585,1,0
401,2017,R3,2017,1,Grade 4,ALD:BA,MAT,4,MRPCM,ND,North Dakota,TOTAL,All students,1,All students,39.6192390392758,1,0
402,2017,R3,2017,1,Grade 4,MN:MN,MAT,4,MRPCM,ND,North Dakota,TOTAL,All students,1,All students,244.243515259852,1,0
403,2017,R3,2017,1,Grade 4,ALD:PR,MAT,4,MRPCM,ND,North Dakota,TOTAL,All students,1,All students,37.7985295414474,1,0
404,2017,R3,2017,1,Grade 4,SD:SD,MAT,4,MRPCM,ND,North Dakota,TOTAL,All students,1,All students,28.381831098297,1,0
405,2017,R3,2017,1,Grade 4,ALD:AD,MAT,4,MRPCM,NE,Nebraska,TOTAL,All students,1,All students,9.7830722445518,1,0
406,2017,R3,2017,1,Grade 4,ALD:BA,MAT,4,MRPCM,NE,Nebraska,TOTAL,All students,1,All students,36.7851829233884,1,0
407,2017,R3,2017,1,Grade 4,MN:MN,MAT,4,MRPCM,NE,Nebraska,TOTAL,All students,1,All students,245.59067458725,1,0
408,2017,R3,2017,1,Grade 4,ALD:PR,MAT,4,MRPCM,NE,Nebraska,TOTAL,All students,1,All students,38.8457484406866,1,0
409,2017,R3,2017,1,Grade 4,SD:SD,MAT,4,MRPCM,NE,Nebraska,TOTAL,All students,1,All students,29.7207395569967,1,0
410,2017,R3,2017,1,Grade 4,ALD:AD,MAT,4,MRPCM,NH,New Hampshire,TOTAL,All students,1,All students,9.81932925664822,1,0
411,2017,R3,2017,1,Grade 4,ALD:BA,MAT,4,MRPCM,NH,New Hampshire,TOTAL,All students,1,All students,37.586019839157,1,0
412,2017,R3,2017,1,Grade 4,MN:MN,MAT,4,MRPCM,NH,New Hampshire,TOTAL,All students,1,All students,245.319838570829,1,0
413,2017,R3,2017,1,Grade 4,ALD:PR,MAT,4,MRPCM,NH,New Hampshire,TOTAL,All students,1,All students,37.8907411896788,1,0
414,2017,R3,2017,1,Grade 4,SD:SD,MAT,4,MRPCM,NH,New Hampshire,TOTAL,All students,1,All students,29.494914099249,1,0
415,2017,R3,2017,1,Grade 4,ALD:AD,MAT,4,MRPCM,NJ,New Jersey,TOTAL,All students,1,All students,12.3274038118784,1,0
416,2017,R3,2017,1,Grade 4,ALD:BA,MAT,4,MRPCM,NJ,New Jersey,TOTAL,All students,1,All students,37.4996283715517,1,0
417,2017,R3,2017,1,Grade 4,MN:MN,MAT,4,MRPCM,NJ,New Jersey,TOTAL,All students,1,All students,247.855231175611,1,0
418,2017,R3,2017,1,Grade 4,ALD:PR,MAT,4,MRPCM,NJ,New Jersey,TOTAL,All students,1,All students,37.6035734737291,1,0
419,2017,R3,2017,1,Grade 4,SD:SD,MAT,4,MRPCM,NJ,New Jersey,TOTAL,All students,1,All students,30.0431486208676,1,0
420,2017,R3,2017,1,Grade 4,ALD:AD,MAT,4,MRPCM,NM,New Mexico,TOTAL,All students,1,All students,4.11814458725053,1,0
421,2017,R3,2017,1,Grade 4,ALD:BA,MAT,4,MRPCM,NM,New Mexico,TOTAL,All students,1,All students,42.1594773651861,1,0
422,2017,R3,2017,1,Grade 4,MN:MN,MAT,4,MRPCM,NM,New Mexico,TOTAL,All students,1,All students,229.704281935704,1,0
423,2017,R3,2017,1,Grade 4,ALD:PR,MAT,4,MRPCM,NM,New Mexico,TOTAL,All students,1,All students,23.0656419959483,1,0
424,2017,R3,2017,1,Grade 4,SD:SD,MAT,4,MRPCM,NM,New Mexico,TOTAL,All students,1,All students,30.4914464506441,1,0
425,2017,R3,2017,1,Grade 4,ALD:AD,MAT,4,MRPCM,NT,National,TOTAL,All students,1,All students,8.14495692663049,1,0
426,2017,R3,2017,1,Grade 4,ALD:BA,MAT,4,MRPCM,NT,National,TOTAL,All students,1,All students,39.4439297737889,1,0
427,2017,R3,2017,1,Grade 4,MN:MN,MAT,4,MRPCM,NT,National,TOTAL,All students,1,All students,239.722230131194,1,0
428,2017,R3,2017,1,Grade 4,ALD:PR,MAT,4,MRPCM,NT,National,TOTAL,All students,1,All students,32.049777438056,1,0
429,2017,R3,2017,1,Grade 4,SD:SD,MAT,4,MRPCM,NT,National,TOTAL,All students,1,All students,31.4858354533614,1,0
430,2017,R3,2017,1,Grade 4,ALD:AD,MAT,4,MRPCM,NV,Nevada,TOTAL,All students,1,All students,3.7235120351897,1,0
431,2017,R3,2017,1,Grade 4,ALD:BA,MAT,4,MRPCM,NV,Nevada,TOTAL,All students,1,All students,42.1449524946782,1,0
432,2017,R3,2017,1,Grade 4,MN:MN,MAT,4,MRPCM,NV,Nevada,TOTAL,All students,1,All students,231.685162157891,1,0
433,2017,R3,2017,1,Grade 4,ALD:PR,MAT,4,MRPCM,NV,Nevada,TOTAL,All students,1,All students,27.0065075470761,1,0
434,2017,R3,2017,1,Grade 4,SD:SD,MAT,4,MRPCM,NV,Nevada,TOTAL,All students,1,All students,31.4337986936691,1,0
435,2017,R3,2017,1,Grade 4,ALD:AD,MAT,4,MRPCM,NY,New York,TOTAL,All students,1,All students,5.43649228484377,1,0
436,2017,R3,2017,1,Grade 4,ALD:BA,MAT,4,MRPCM,NY,New York,TOTAL,All students,1,All students,40.6411338650107,1,0
437,2017,R3,2017,1,Grade 4,MN:MN,MAT,4,MRPCM,NY,New York,TOTAL,All students,1,All students,235.548457260667,1,0
438,2017,R3,2017,1,Grade 4,ALD:PR,MAT,4,MRPCM,NY,New York,TOTAL,All students,1,All students,30.0314595044678,1,0
439,2017,R3,2017,1,Grade 4,SD:SD,MAT,4,MRPCM,NY,New York,TOTAL,All students,1,All students,30.9853768846334,1,0
440,2017,R3,2017,1,Grade 4,ALD:AD,MAT,4,MRPCM,OH,Ohio,TOTAL,All students,1,All students,8.28008953316917,1,0
441,2017,R3,2017,1,Grade 4,ALD:BA,MAT,4,MRPCM,OH,Ohio,TOTAL,All students,1,All students,40.0115333551488,1,0
442,2017,R3,2017,1,Grade 4,MN:MN,MAT,4,MRPCM,OH,Ohio,TOTAL,All students,1,All students,240.928372101796,1,0
443,2017,R3,2017,1,Grade 4,ALD:PR,MAT,4,MRPCM,OH,Ohio,TOTAL,All students,1,All students,32.871378577472,1,0
444,2017,R3,2017,1,Grade 4,SD:SD,MAT,4,MRPCM,OH,Ohio,TOTAL,All students,1,All students,30.5075922466472,1,0
445,2017,R3,2017,1,Grade 4,ALD:AD,MAT,4,MRPCM,OK,Oklahoma,TOTAL,All students,1,All students,4.3836302785501,1,0
446,2017,R3,2017,1,Grade 4,ALD:BA,MAT,4,MRPCM,OK,Oklahoma,TOTAL,All students,1,All students,45.2914938973047,1,0
447,2017,R3,2017,1,Grade 4,MN:MN,MAT,4,MRPCM,OK,Oklahoma,TOTAL,All students,1,All students,237.326270225647,1,0
448,2017,R3,2017,1,Grade 4,ALD:PR,MAT,4,MRPCM,OK,Oklahoma,TOTAL,All students,1,All students,30.8013162237213,1,0
449,2017,R3,2017,1,Grade 4,SD:SD,MAT,4,MRPCM,OK,Oklahoma,TOTAL,All students,1,All students,28.019115245315,1,0
450,2017,R3,2017,1,Grade 4,ALD:AD,MAT,4,MRPCM,OR,Oregon,TOTAL,All students,1,All students,6.54643397747148,1,0
451,2017,R3,2017,1,Grade 4,ALD:BA,MAT,4,MRPCM,OR,Oregon,TOTAL,All students,1,All students,39.5603152202053,1,0
452,2017,R3,2017,1,Grade 4,MN:MN,MAT,4,MRPCM,OR,Oregon,TOTAL,All students,1,All students,233.132459994163,1,0
453,2017,R3,2017,1,Grade 4,ALD:PR,MAT,4,MRPCM,OR,Oregon,TOTAL,All students,1,All students,26.714621204303,1,0
454,2017,R3,2017,1,Grade 4,SD:SD,MAT,4,MRPCM,OR,Oregon,TOTAL,All students,1,All students,33.6724996966821,1,0
455,2017,R3,2017,1,Grade 4,ALD:AD,MAT,4,MRPCM,PA,Pennsylvania,TOTAL,All students,1,All students,10.1186647543246,1,0
456,2017,R3,2017,1,Grade 4,ALD:BA,MAT,4,MRPCM,PA,Pennsylvania,TOTAL,All students,1,All students,36.7229248199316,1,0
457,2017,R3,2017,1,Grade 4,MN:MN,MAT,4,MRPCM,PA,Pennsylvania,TOTAL,All students,1,All students,241.672327208486,1,0
458,2017,R3,2017,1,Grade 4,ALD:PR,MAT,4,MRPCM,PA,Pennsylvania,TOTAL,All students,1,All students,33.5065830917406,1,0
459,2017,R3,2017,1,Grade 4,SD:SD,MAT,4,MRPCM,PA,Pennsylvania,TOTAL,All students,1,All students,32.7493811776363,1,0
460,2017,R3,2017,1,Grade 4,ALD:AD,MAT,4,MRPCM,RI,Rhode Island,TOTAL,All students,1,All students,6.66860701083624,1,0
461,2017,R3,2017,1,Grade 4,ALD:BA,MAT,4,MRPCM,RI,Rhode Island,TOTAL,All students,1,All students,39.9053506486563,1,0
462,2017,R3,2017,1,Grade 4,MN:MN,MAT,4,MRPCM,RI,Rhode Island,TOTAL,All students,1,All students,237.554934304512,1,0
463,2017,R3,2017,1,Grade 4,ALD:PR,MAT,4,MRPCM,RI,Rhode Island,TOTAL,All students,1,All students,31.9742231634215,1,0
464,2017,R3,2017,1,Grade 4,SD:SD,MAT,4,MRPCM,RI,Rhode Island,TOTAL,All students,1,All students,32.1961956279356,1,0
465,2017,R3,2017,1,Grade 4,ALD:AD,MAT,4,MRPCM,SC,South Carolina,TOTAL,All students,1,All students,5.55642065720205,1,0
466,2017,R3,2017,1,Grade 4,ALD:BA,MAT,4,MRPCM,SC,South Carolina,TOTAL,All students,1,All students,42.887140597223,1,0
467,2017,R3,2017,1,Grade 4,MN:MN,MAT,4,MRPCM,SC,South Carolina,TOTAL,All students,1,All students,234.043992967064,1,0
468,2017,R3,2017,1,Grade 4,ALD:PR,MAT,4,MRPCM,SC,South Carolina,TOTAL,All students,1,All students,26.346814248279,1,0
469,2017,R3,2017,1,Grade 4,SD:SD,MAT,4,MRPCM,SC,South Carolina,TOTAL,All students,1,All students,30.8757609055359,1,0
470,2017,R3,2017,1,Grade 4,ALD:AD,MAT,4,MRPCM,SD,South Dakota,TOTAL,All students,1,All students,6.85616925529145,1,0
471,2017,R3,2017,1,Grade 4,ALD:BA,MAT,4,MRPCM,SD,South Dakota,TOTAL,All students,1,All students,40.2271381363882,1,0
472,2017,R3,2017,1,Grade 4,MN:MN,MAT,4,MRPCM,SD,South Dakota,TOTAL,All students,1,All students,241.58894696354,1,0
473,2017,R3,2017,1,Grade 4,ALD:PR,MAT,4,MRPCM,SD,South Dakota,TOTAL,All students,1,All students,35.984101899541,1,0
474,2017,R3,2017,1,Grade 4,SD:SD,MAT,4,MRPCM,SD,South Dakota,TOTAL,All students,1,All students,29.0264687218055,1,0
475,2017,R3,2017,1,Grade 4,ALD:AD,MAT,4,MRPCM,TN,Tennessee,TOTAL,All students,1,All students,6.50799250952684,1,0
476,2017,R3,2017,1,Grade 4,ALD:BA,MAT,4,MRPCM,TN,Tennessee,TOTAL,All students,1,All students,41.2202907083982,1,0
477,2017,R3,2017,1,Grade 4,MN:MN,MAT,4,MRPCM,TN,Tennessee,TOTAL,All students,1,All students,236.692515382765,1,0
478,2017,R3,2017,1,Grade 4,ALD:PR,MAT,4,MRPCM,TN,Tennessee,TOTAL,All students,1,All students,29.4747928840476,1,0
479,2017,R3,2017,1,Grade 4,SD:SD,MAT,4,MRPCM,TN,Tennessee,TOTAL,All students,1,All students,31.0796935946685,1,0
480,2017,R3,2017,1,Grade 4,ALD:AD,MAT,4,MRPCM,TX,Texas,TOTAL,All students,1,All students,8.32024652746185,1,0
481,2017,R3,2017,1,Grade 4,ALD:BA,MAT,4,MRPCM,TX,Texas,TOTAL,All students,1,All students,40.3693667222961,1,0
482,2017,R3,2017,1,Grade 4,MN:MN,MAT,4,MRPCM,TX,Texas,TOTAL,All students,1,All students,240.943670668029,1,0
483,2017,R3,2017,1,Grade 4,ALD:PR,MAT,4,MRPCM,TX,Texas,TOTAL,All students,1,All students,32.8623433465969,1,0
484,2017,R3,2017,1,Grade 4,SD:SD,MAT,4,MRPCM,TX,Texas,TOTAL,All students,1,All students,30.796707458752,1,0
485,2017,R3,2017,1,Grade 4,ALD:AD,MAT,4,MRPCM,UT,Utah,TOTAL,All students,1,All students,9.45187548996382,1,0
486,2017,R3,2017,1,Grade 4,ALD:BA,MAT,4,MRPCM,UT,Utah,TOTAL,All students,1,All students,36.0501558316312,1,0
487,2017,R3,2017,1,Grade 4,MN:MN,MAT,4,MRPCM,UT,Utah,TOTAL,All students,1,All students,242.480766246533,1,0
488,2017,R3,2017,1,Grade 4,ALD:PR,MAT,4,MRPCM,UT,Utah,TOTAL,All students,1,All students,35.8897679626992,1,0
489,2017,R3,2017,1,Grade 4,SD:SD,MAT,4,MRPCM,UT,Utah,TOTAL,All students,1,All students,32.0660829227437,1,0
490,2017,R3,2017,1,Grade 4,ALD:AD,MAT,4,MRPCM,VA,Virginia,TOTAL,All students,1,All students,12.4767096818995,1,0
491,2017,R3,2017,1,Grade 4,ALD:BA,MAT,4,MRPCM,VA,Virginia,TOTAL,All students,1,All students,36.4551158976517,1,0
492,2017,R3,2017,1,Grade 4,MN:MN,MAT,4,MRPCM,VA,Virginia,TOTAL,All students,1,All students,248.041059058675,1,0
493,2017,R3,2017,1,Grade 4,ALD:PR,MAT,4,MRPCM,VA,Virginia,TOTAL,All students,1,All students,37.7532849635787,1,0
494,2017,R3,2017,1,Grade 4,SD:SD,MAT,4,MRPCM,VA,Virginia,TOTAL,All students,1,All students,29.8430489912549,1,0
495,2017,R3,2017,1,Grade 4,ALD:AD,MAT,4,MRPCM,VT,Vermont,TOTAL,All students,1,All students,8.69569034934377,1,0
496,2017,R3,2017,1,Grade 4,ALD:BA,MAT,4,MRPCM,VT,Vermont,TOTAL,All students,1,All students,38.7388604495543,1,0
497,2017,R3,2017,1,Grade 4,MN:MN,MAT,4,MRPCM,VT,Vermont,TOTAL,All students,1,All students,240.893297189484,1,0
498,2017,R3,2017,1,Grade 4,ALD:PR,MAT,4,MRPCM,VT,Vermont,TOTAL,All students,1,All students,33.5126687913307,1,0
499,2017,R3,2017,1,Grade 4,SD:SD,MAT,4,MRPCM,VT,Vermont,TOTAL,All students,1,All students,31.9855028673053,1,0
500,2017,R3,2017,1,Grade 4,ALD:AD,MAT,4,MRPCM,WA,Washington,TOTAL,All students,1,All students,10.5020049710731,1,0
501,2017,R3,2017,1,Grade 4,ALD:BA,MAT,4,MRPCM,WA,Washington,TOTAL,All students,1,All students,38.0686872450764,1,0
502,2017,R3,2017,1,Grade 4,MN:MN,MAT,4,MRPCM,WA,Washington,TOTAL,All students,1,All students,241.701000965358,1,0
503,2017,R3,2017,1,Grade 4,ALD:PR,MAT,4,MRPCM,WA,Washington,TOTAL,All students,1,All students,31.9143677005742,1,0
504,2017,R3,2017,1,Grade 4,SD:SD,MAT,4,MRPCM,WA,Washington,TOTAL,All students,1,All students,32.6770640586286,1,0
505,2017,R3,2017,1,Grade 4,ALD:AD,MAT,4,MRPCM,WI,Wisconsin,TOTAL,All students,1,All students,8.88518330215658,1,0
506,2017,R3,2017,1,Grade 4,ALD:BA,MAT,4,MRPCM,WI,Wisconsin,TOTAL,All students,1,All students,37.6609039878708,1,0
507,2017,R3,2017,1,Grade 4,MN:MN,MAT,4,MRPCM,WI,Wisconsin,TOTAL,All students,1,All students,240.389213393097,1,0
508,2017,R3,2017,1,Grade 4,ALD:PR,MAT,4,MRPCM,WI,Wisconsin,TOTAL,All students,1,All students,32.949217208698,1,0
509,2017,R3,2017,1,Grade 4,SD:SD,MAT,4,MRPCM,WI,Wisconsin,TOTAL,All students,1,All students,32.1470690914316,1,0
510,2017,R3,2017,1,Grade 4,ALD:AD,MAT,4,MRPCM,WV,West Virginia,TOTAL,All students,1,All students,5.18466833066342,1,0
511,2017,R3,2017,1,Grade 4,ALD:BA,MAT,4,MRPCM,WV,West Virginia,TOTAL,All students,1,All students,43.5260555141714,1,0
512,2017,R3,2017,1,Grade 4,MN:MN,MAT,4,MRPCM,WV,West Virginia,TOTAL,All students,1,All students,236.057018907755,1,0
513,2017,R3,2017,1,Grade 4,ALD:PR,MAT,4,MRPCM,WV,West Virginia,TOTAL,All students,1,All students,29.7733984404796,1,0
514,2017,R3,2017,1,Grade 4,SD:SD,MAT,4,MRPCM,WV,West Virginia,TOTAL,All students,1,All students,30.083677635121,1,0
515,2017,R3,2017,1,Grade 4,ALD:AD,MAT,4,MRPCM,WY,Wyoming,TOTAL,All students,1,All students,10.0031752376188,1,0
516,2017,R3,2017,1,Grade 4,ALD:BA,MAT,4,MRPCM,WY,Wyoming,TOTAL,All students,1,All students,37.8337239032063,1,0
517,2017,R3,2017,1,Grade 4,MN:MN,MAT,4,MRPCM,WY,Wyoming,TOTAL,All students,1,All students,247.820619209134,1,0
518,2017,R3,2017,1,Grade 4,ALD:PR,MAT,4,MRPCM,WY,Wyoming,TOTAL,All students,1,All students,40.7792687435053,1,0
519,2017,R3,2017,1,Grade 4,SD:SD,MAT,4,MRPCM,WY,Wyoming,TOTAL,All students,1,All students,27.9833563664339,1,0
520,2019,R3,2019,1,Grade 4,ALD:AD,MAT,4,MRPCM,AK,Alaska,TOTAL,All students,1,All students,5.31105023590964,1,0
521,2019,R3,2019,1,Grade 4,ALD:BA,MAT,4,MRPCM,AK,Alaska,TOTAL,All students,1,All students,39.690383365297,1,0
522,2019,R3,2019,1,Grade 4,MN:MN,MAT,4,MRPCM,AK,Alaska,TOTAL,All students,1,All students,232.307478546218,1,0
523,2019,R3,2019,1,Grade 4,ALD:PR,MAT,4,MRPCM,AK,Alaska,TOTAL,All students,1,All students,27.8555084099376,1,0
524,2019,R3,2019,1,Grade 4,SD:SD,MAT,4,MRPCM,AK,Alaska,TOTAL,All students,1,All students,34.000677504813,1,0
525,2019,R3,2019,1,Grade 4,ALD:AD,MAT,4,MRPCM,AL,Alabama,TOTAL,All students,1,All students,3.38160031361482,1,0
526,2019,R3,2019,1,Grade 4,ALD:BA,MAT,4,MRPCM,AL,Alabama,TOTAL,All students,1,All students,43.3941759607694,1,0
527,2019,R3,2019,1,Grade 4,MN:MN,MAT,4,MRPCM,AL,Alabama,TOTAL,All students,1,All students,229.651002236322,1,0
528,2019,R3,2019,1,Grade 4,ALD:PR,MAT,4,MRPCM,AL,Alabama,TOTAL,All students,1,All students,24.7154648851373,1,0
529,2019,R3,2019,1,Grade 4,SD:SD,MAT,4,MRPCM,AL,Alabama,TOTAL,All students,1,All students,31.6987301061692,1,0
530,2019,R3,2019,1,Grade 4,ALD:AD,MAT,4,MRPCM,AR,Arkansas,TOTAL,All students,1,All students,4.52731369804673,1,0
531,2019,R3,2019,1,Grade 4,ALD:BA,MAT,4,MRPCM,AR,Arkansas,TOTAL,All students,1,All students,41.8669236976035,1,0
532,2019,R3,2019,1,Grade 4,MN:MN,MAT,4,MRPCM,AR,Arkansas,TOTAL,All students,1,All students,233.252134193681,1,0
533,2019,R3,2019,1,Grade 4,ALD:PR,MAT,4,MRPCM,AR,Arkansas,TOTAL,All students,1,All students,28.7214466144615,1,0
534,2019,R3,2019,1,Grade 4,SD:SD,MAT,4,MRPCM,AR,Arkansas,TOTAL,All students,1,All students,32.4879371081593,1,0
535,2019,R3,2019,1,Grade 4,ALD:AD,MAT,4,MRPCM,AZ,Arizona,TOTAL,All students,1,All students,7.31828018934187,1,0
536,2019,R3,2019,1,Grade 4,ALD:BA,MAT,4,MRPCM,AZ,Arizona,TOTAL,All students,1,All students,40.1423521035639,1,0
537,2019,R3,2019,1,Grade 4,MN:MN,MAT,4,MRPCM,AZ,Arizona,TOTAL,All students,1,All students,237.610210406623,1,0
538,2019,R3,2019,1,Grade 4,ALD:PR,MAT,4,MRPCM,AZ,Arizona,TOTAL,All students,1,All students,30.0272076599739,1,0
539,2019,R3,2019,1,Grade 4,SD:SD,MAT,4,MRPCM,AZ,Arizona,TOTAL,All students,1,All students,31.9430467877081,1,0
540,2019,R3,2019,1,Grade 4,ALD:AD,MAT,4,MRPCM,CA,California,TOTAL,All students,1,All students,6.93843863362387,1,0
541,2019,R3,2019,1,Grade 4,ALD:BA,MAT,4,MRPCM,CA,California,TOTAL,All students,1,All students,40.9499901871485,1,0
542,2019,R3,2019,1,Grade 4,MN:MN,MAT,4,MRPCM,CA,California,TOTAL,All students,1,All students,234.721975584843,1,0
543,2019,R3,2019,1,Grade 4,ALD:PR,MAT,4,MRPCM,CA,California,TOTAL,All students,1,All students,26.6885806907104,1,0
544,2019,R3,2019,1,Grade 4,SD:SD,MAT,4,MRPCM,CA,California,TOTAL,All students,1,All students,32.7405480283817,1,0
545,2019,R3,2019,1,Grade 4,ALD:AD,MAT,4,MRPCM,CO,Colorado,TOTAL,All students,1,All students,10.4075535222056,1,0
546,2019,R3,2019,1,Grade 4,ALD:BA,MAT,4,MRPCM,CO,Colorado,TOTAL,All students,1,All students,36.0152266283403,1,0
547,2019,R3,2019,1,Grade 4,MN:MN,MAT,4,MRPCM,CO,Colorado,TOTAL,All students,1,All students,241.865586480222,1,0
548,2019,R3,2019,1,Grade 4,ALD:PR,MAT,4,MRPCM,CO,Colorado,TOTAL,All students,1,All students,34.0537832380533,1,0
549,2019,R3,2019,1,Grade 4,SD:SD,MAT,4,MRPCM,CO,Colorado,TOTAL,All students,1,All students,33.5264070872072,1,0
550,2019,R3,2019,1,Grade 4,ALD:AD,MAT,4,MRPCM,CT,Connecticut,TOTAL,All students,1,All students,10.0900793807592,1,0
551,2019,R3,2019,1,Grade 4,ALD:BA,MAT,4,MRPCM,CT,Connecticut,TOTAL,All students,1,All students,37.4623057404592,1,0
552,2019,R3,2019,1,Grade 4,MN:MN,MAT,4,MRPCM,CT,Connecticut,TOTAL,All students,1,All students,243.259501751646,1,0
553,2019,R3,2019,1,Grade 4,ALD:PR,MAT,4,MRPCM,CT,Connecticut,TOTAL,All students,1,All students,34.9076153240185,1,0
554,2019,R3,2019,1,Grade 4,SD:SD,MAT,4,MRPCM,CT,Connecticut,TOTAL,All students,1,All students,31.2535748865794,1,0
555,2019,R3,2019,1,Grade 4,ALD:AD,MAT,4,MRPCM,DC,District of Columbia,TOTAL,All students,1,All students,8.24839801482834,1,0
556,2019,R3,2019,1,Grade 4,ALD:BA,MAT,4,MRPCM,DC,District of Columbia,TOTAL,All students,1,All students,38.99028920521,1,0
557,2019,R3,2019,1,Grade 4,MN:MN,MAT,4,MRPCM,DC,District of Columbia,TOTAL,All students,1,All students,234.635176052935,1,0
558,2019,R3,2019,1,Grade 4,ALD:PR,MAT,4,MRPCM,DC,District of Columbia,TOTAL,All students,1,All students,25.9087966176155,1,0
559,2019,R3,2019,1,Grade 4,SD:SD,MAT,4,MRPCM,DC,District of Columbia,TOTAL,All students,1,All students,34.4282521937684,1,0
560,2019,R3,2019,1,Grade 4,ALD:AD,MAT,4,MRPCM,DE,Delaware,TOTAL,All students,1,All students,9.35455061996859,1,0
561,2019,R3,2019,1,Grade 4,ALD:BA,MAT,4,MRPCM,DE,Delaware,TOTAL,All students,1,All students,39.5966213395811,1,0
562,2019,R3,2019,1,Grade 4,MN:MN,MAT,4,MRPCM,DE,Delaware,TOTAL,All students,1,All students,239.319659530785,1,0
563,2019,R3,2019,1,Grade 4,ALD:PR,MAT,4,MRPCM,DE,Delaware,TOTAL,All students,1,All students,29.7867104359189,1,0
564,2019,R3,2019,1,Grade 4,SD:SD,MAT,4,MRPCM,DE,Delaware,TOTAL,All students,1,All students,32.7722398619761,1,0
565,2019,R3,2019,1,Grade 4,ALD:AD,MAT,4,MRPCM,FL,Florida,TOTAL,All students,1,All students,9.1858556653094,1,0
566,2019,R3,2019,1,Grade 4,ALD:BA,MAT,4,MRPCM,FL,Florida,TOTAL,All students,1,All students,39.8305228809104,1,0
567,2019,R3,2019,1,Grade 4,MN:MN,MAT,4,MRPCM,FL,Florida,TOTAL,All students,1,All students,245.957606496751,1,0
568,2019,R3,2019,1,Grade 4,ALD:PR,MAT,4,MRPCM,FL,Florida,TOTAL,All students,1,All students,38.3441964207053,1,0
569,2019,R3,2019,1,Grade 4,SD:SD,MAT,4,MRPCM,FL,Florida,TOTAL,All students,1,All students,27.9825407743397,1,0
570,2019,R3,2019,1,Grade 4,ALD:AD,MAT,4,MRPCM,GA,Georgia,TOTAL,All students,1,All students,8.41471952579855,1,0
571,2019,R3,2019,1,Grade 4,ALD:BA,MAT,4,MRPCM,GA,Georgia,TOTAL,All students,1,All students,40.7481530984591,1,0
572,2019,R3,2019,1,Grade 4,MN:MN,MAT,4,MRPCM,GA,Georgia,TOTAL,All students,1,All students,237.64845420903,1,0
573,2019,R3,2019,1,Grade 4,ALD:PR,MAT,4,MRPCM,GA,Georgia,TOTAL,All students,1,All students,28.0714528024164,1,0
574,2019,R3,2019,1,Grade 4,SD:SD,MAT,4,MRPCM,GA,Georgia,TOTAL,All students,1,All students,32.1117908708858,1,0
575,2019,R3,2019,1,Grade 4,ALD:AD,MAT,4,MRPCM,HI,Hawaii,TOTAL,All students,1,All students,7.74626506364052,1,0
576,2019,R3,2019,1,Grade 4,ALD:BA,MAT,4,MRPCM,HI,Hawaii,TOTAL,All students,1,All students,38.6136662862777,1,0
577,2019,R3,2019,1,Grade 4,MN:MN,MAT,4,MRPCM,HI,Hawaii,TOTAL,All students,1,All students,238.567337144858,1,0
578,2019,R3,2019,1,Grade 4,ALD:PR,MAT,4,MRPCM,HI,Hawaii,TOTAL,All students,1,All students,32.0215083312331,1,0
579,2019,R3,2019,1,Grade 4,SD:SD,MAT,4,MRPCM,HI,Hawaii,TOTAL,All students,1,All students,32.3699230914928,1,0
580,2019,R3,2019,1,Grade 4,ALD:AD,MAT,4,MRPCM,IA,Iowa,TOTAL,All students,1,All students,8.30229362320513,1,0
581,2019,R3,2019,1,Grade 4,ALD:BA,MAT,4,MRPCM,IA,Iowa,TOTAL,All students,1,All students,38.9288436367458,1,0
582,2019,R3,2019,1,Grade 4,MN:MN,MAT,4,MRPCM,IA,Iowa,TOTAL,All students,1,All students,240.688738120696,1,0
583,2019,R3,2019,1,Grade 4,ALD:PR,MAT,4,MRPCM,IA,Iowa,TOTAL,All students,1,All students,33.6947816990564,1,0
584,2019,R3,2019,1,Grade 4,SD:SD,MAT,4,MRPCM,IA,Iowa,TOTAL,All students,1,All students,31.5339797389616,1,0
585,2019,R3,2019,1,Grade 4,ALD:AD,MAT,4,MRPCM,ID,Idaho,TOTAL,All students,1,All students,8.49482775452787,1,0
586,2019,R3,2019,1,Grade 4,ALD:BA,MAT,4,MRPCM,ID,Idaho,TOTAL,All students,1,All students,38.9245032690846,1,0
587,2019,R3,2019,1,Grade 4,MN:MN,MAT,4,MRPCM,ID,Idaho,TOTAL,All students,1,All students,241.898735184844,1,0
588,2019,R3,2019,1,Grade 4,ALD:PR,MAT,4,MRPCM,ID,Idaho,TOTAL,All students,1,All students,34.5294573882848,1,0
589,2019,R3,2019,1,Grade 4,SD:SD,MAT,4,MRPCM,ID,Idaho,TOTAL,All students,1,All students,30.6973370855684,1,0
590,2019,R3,2019,1,Grade 4,ALD:AD,MAT,4,MRPCM,IL,Illinois,TOTAL,All students,1,All students,8.03592249578002,1,0
591,2019,R3,2019,1,Grade 4,ALD:BA,MAT,4,MRPCM,IL,Illinois,TOTAL,All students,1,All students,38.7789764638053,1,0
592,2019,R3,2019,1,Grade 4,MN:MN,MAT,4,MRPCM,IL,Illinois,TOTAL,All students,1,All students,237.397321832596,1,0
593,2019,R3,2019,1,Grade 4,ALD:PR,MAT,4,MRPCM,IL,Illinois,TOTAL,All students,1,All students,30.4626992067507,1,0
594,2019,R3,2019,1,Grade 4,SD:SD,MAT,4,MRPCM,IL,Illinois,TOTAL,All students,1,All students,33.8845561959454,1,0
595,2019,R3,2019,1,Grade 4,ALD:AD,MAT,4,MRPCM,IN,Indiana,TOTAL,All students,1,All students,11.0081250919137,1,0
596,2019,R3,2019,1,Grade 4,ALD:BA,MAT,4,MRPCM,IN,Indiana,TOTAL,All students,1,All students,37.04341390197,1,0
597,2019,R3,2019,1,Grade 4,MN:MN,MAT,4,MRPCM,IN,Indiana,TOTAL,All students,1,All students,244.883129817521,1,0
598,2019,R3,2019,1,Grade 4,ALD:PR,MAT,4,MRPCM,IN,Indiana,TOTAL,All students,1,All students,36.0603105309205,1,0
599,2019,R3,2019,1,Grade 4,SD:SD,MAT,4,MRPCM,IN,Indiana,TOTAL,All students,1,All students,31.4218357943094,1,0
600,2019,R3,2019,1,Grade 4,ALD:AD,MAT,4,MRPCM,KS,Kansas,TOTAL,All students,1,All students,7.80914651409876,1,0
601,2019,R3,2019,1,Grade 4,ALD:BA,MAT,4,MRPCM,KS,Kansas,TOTAL,All students,1,All students,39.0690704162374,1,0
602,2019,R3,2019,1,Grade 4,MN:MN,MAT,4,MRPCM,KS,Kansas,TOTAL,All students,1,All students,239.439793698183,1,0
603,2019,R3,2019,1,Grade 4,ALD:PR,MAT,4,MRPCM,KS,Kansas,TOTAL,All students,1,All students,32.5011319398049,1,0
604,2019,R3,2019,1,Grade 4,SD:SD,MAT,4,MRPCM,KS,Kansas,TOTAL,All students,1,All students,31.5532263513781,1,0
605,2019,R3,2019,1,Grade 4,ALD:AD,MAT,4,MRPCM,KY,Kentucky,TOTAL,All students,1,All students,7.20923043475166,1,0
606,2019,R3,2019,1,Grade 4,ALD:BA,MAT,4,MRPCM,KY,Kentucky,TOTAL,All students,1,All students,40.7601506150326,1,0
607,2019,R3,2019,1,Grade 4,MN:MN,MAT,4,MRPCM,KY,Kentucky,TOTAL,All students,1,All students,239.310713003117,1,0
608,2019,R3,2019,1,Grade 4,ALD:PR,MAT,4,MRPCM,KY,Kentucky,TOTAL,All students,1,All students,32.7156561067716,1,0
609,2019,R3,2019,1,Grade 4,SD:SD,MAT,4,MRPCM,KY,Kentucky,TOTAL,All students,1,All students,31.5039754201352,1,0
610,2019,R3,2019,1,Grade 4,ALD:AD,MAT,4,MRPCM,LA,Louisiana,TOTAL,All students,1,All students,3.30298832923155,1,0
611,2019,R3,2019,1,Grade 4,ALD:BA,MAT,4,MRPCM,LA,Louisiana,TOTAL,All students,1,All students,44.649588712835,1,0
612,2019,R3,2019,1,Grade 4,MN:MN,MAT,4,MRPCM,LA,Louisiana,TOTAL,All students,1,All students,231.29741319736,1,0
613,2019,R3,2019,1,Grade 4,ALD:PR,MAT,4,MRPCM,LA,Louisiana,TOTAL,All students,1,All students,25.4636296857501,1,0
614,2019,R3,2019,1,Grade 4,SD:SD,MAT,4,MRPCM,LA,Louisiana,TOTAL,All students,1,All students,30.0022585606057,1,0
615,2019,R3,2019,1,Grade 4,ALD:AD,MAT,4,MRPCM,MA,Massachusetts,TOTAL,All students,1,All students,13.3773491950017,1,0
616,2019,R3,2019,1,Grade 4,ALD:BA,MAT,4,MRPCM,MA,Massachusetts,TOTAL,All students,1,All students,34.9839177233468,1,0
617,2019,R3,2019,1,Grade 4,MN:MN,MAT,4,MRPCM,MA,Massachusetts,TOTAL,All students,1,All students,247.319439954575,1,0
618,2019,R3,2019,1,Grade 4,ALD:PR,MAT,4,MRPCM,MA,Massachusetts,TOTAL,All students,1,All students,36.8166474864239,1,0
619,2019,R3,2019,1,Grade 4,SD:SD,MAT,4,MRPCM,MA,Massachusetts,TOTAL,All students,1,All students,31.9458482001273,1,0
620,2019,R3,2019,1,Grade 4,ALD:AD,MAT,4,MRPCM,MD,Maryland,TOTAL,All students,1,All students,10.9907198124049,1,0
621,2019,R3,2019,1,Grade 4,ALD:BA,MAT,4,MRPCM,MD,Maryland,TOTAL,All students,1,All students,36.66341282101,1,0
622,2019,R3,2019,1,Grade 4,MN:MN,MAT,4,MRPCM,MD,Maryland,TOTAL,All students,1,All students,238.562488491722,1,0
623,2019,R3,2019,1,Grade 4,ALD:PR,MAT,4,MRPCM,MD,Maryland,TOTAL,All students,1,All students,28.1237976161012,1,0
624,2019,R3,2019,1,Grade 4,SD:SD,MAT,4,MRPCM,MD,Maryland,TOTAL,All students,1,All students,35.1103374306491,1,0
625,2019,R3,2019,1,Grade 4,ALD:AD,MAT,4,MRPCM,ME,Maine,TOTAL,All students,1,All students,8.10949366783048,1,0
626,2019,R3,2019,1,Grade 4,ALD:BA,MAT,4,MRPCM,ME,Maine,TOTAL,All students,1,All students,39.681805003428,1,0
627,2019,R3,2019,1,Grade 4,MN:MN,MAT,4,MRPCM,ME,Maine,TOTAL,All students,1,All students,240.757590343136,1,0
628,2019,R3,2019,1,Grade 4,ALD:PR,MAT,4,MRPCM,ME,Maine,TOTAL,All students,1,All students,33.6561671171442,1,0
629,2019,R3,2019,1,Grade 4,SD:SD,MAT,4,MRPCM,ME,Maine,TOTAL,All students,1,All students,31.2243651181298,1,0
630,2019,R3,2019,1,Grade 4,ALD:AD,MAT,4,MRPCM,MI,Michigan,TOTAL,All students,1,All students,6.59169390877616,1,0
631,2019,R3,2019,1,Grade 4,ALD:BA,MAT,4,MRPCM,MI,Michigan,TOTAL,All students,1,All students,40.564533552112,1,0
632,2019,R3,2019,1,Grade 4,MN:MN,MAT,4,MRPCM,MI,Michigan,TOTAL,All students,1,All students,236.15158485638,1,0
633,2019,R3,2019,1,Grade 4,ALD:PR,MAT,4,MRPCM,MI,Michigan,TOTAL,All students,1,All students,29.0004723594224,1,0
634,2019,R3,2019,1,Grade 4,SD:SD,MAT,4,MRPCM,MI,Michigan,TOTAL,All students,1,All students,31.6270824811664,1,0
635,2019,R3,2019,1,Grade 4,ALD:AD,MAT,4,MRPCM,MN,Minnesota,TOTAL,All students,1,All students,14.3137310868642,1,0
636,2019,R3,2019,1,Grade 4,ALD:BA,MAT,4,MRPCM,MN,Minnesota,TOTAL,All students,1,All students,32.4790207846705,1,0
637,2019,R3,2019,1,Grade 4,MN:MN,MAT,4,MRPCM,MN,Minnesota,TOTAL,All students,1,All students,248.409532777318,1,0
638,2019,R3,2019,1,Grade 4,ALD:PR,MAT,4,MRPCM,MN,Minnesota,TOTAL,All students,1,All students,38.5390807344271,1,0
639,2019,R3,2019,1,Grade 4,SD:SD,MAT,4,MRPCM,MN,Minnesota,TOTAL,All students,1,All students,32.6432163790422,1,0
640,2019,R3,2019,1,Grade 4,ALD:AD,MAT,4,MRPCM,MO,Missouri,TOTAL,All students,1,All students,6.87521691847041,1,0
641,2019,R3,2019,1,Grade 4,ALD:BA,MAT,4,MRPCM,MO,Missouri,TOTAL,All students,1,All students,40.4003850754822,1,0
642,2019,R3,2019,1,Grade 4,MN:MN,MAT,4,MRPCM,MO,Missouri,TOTAL,All students,1,All students,238.41019058942,1,0
643,2019,R3,2019,1,Grade 4,ALD:PR,MAT,4,MRPCM,MO,Missouri,TOTAL,All students,1,All students,32.447364808585,1,0
644,2019,R3,2019,1,Grade 4,SD:SD,MAT,4,MRPCM,MO,Missouri,TOTAL,All students,1,All students,31.8399578286976,1,0
645,2019,R3,2019,1,Grade 4,ALD:AD,MAT,4,MRPCM,MS,Mississippi,TOTAL,All students,1,All students,5.73465316636953,1,0
646,2019,R3,2019,1,Grade 4,ALD:BA,MAT,4,MRPCM,MS,Mississippi,TOTAL,All students,1,All students,45.3749403845242,1,0
647,2019,R3,2019,1,Grade 4,MN:MN,MAT,4,MRPCM,MS,Mississippi,TOTAL,All students,1,All students,240.706890333851,1,0
648,2019,R3,2019,1,Grade 4,ALD:PR,MAT,4,MRPCM,MS,Mississippi,TOTAL,All students,1,All students,33.098034767053,1,0
649,2019,R3,2019,1,Grade 4,SD:SD,MAT,4,MRPCM,MS,Mississippi,TOTAL,All students,1,All students,26.8262752383192,1,0
650,2019,R3,2019,1,Grade 4,ALD:AD,MAT,4,MRPCM,MT,Montana,TOTAL,All students,1,All students,7.00117697719956,1,0
651,2019,R3,2019,1,Grade 4,ALD:BA,MAT,4,MRPCM,MT,Montana,TOTAL,All students,1,All students,39.8509524243522,1,0
652,2019,R3,2019,1,Grade 4,MN:MN,MAT,4,MRPCM,MT,Montana,TOTAL,All students,1,All students,241.113189876112,1,0
653,2019,R3,2019,1,Grade 4,ALD:PR,MAT,4,MRPCM,MT,Montana,TOTAL,All students,1,All students,35.5746235077475,1,0
654,2019,R3,2019,1,Grade 4,SD:SD,MAT,4,MRPCM,MT,Montana,TOTAL,All students,1,All students,30.104733307513,1,0
655,2019,R3,2019,1,Grade 4,ALD:AD,MAT,4,MRPCM,NC,North Carolina,TOTAL,All students,1,All students,8.44392383240929,1,0
656,2019,R3,2019,1,Grade 4,ALD:BA,MAT,4,MRPCM,NC,North Carolina,TOTAL,All students,1,All students,40.7416128419894,1,0
657,2019,R3,2019,1,Grade 4,MN:MN,MAT,4,MRPCM,NC,North Carolina,TOTAL,All students,1,All students,241.408136375873,1,0
658,2019,R3,2019,1,Grade 4,ALD:PR,MAT,4,MRPCM,NC,North Carolina,TOTAL,All students,1,All students,32.9293433093534,1,0
659,2019,R3,2019,1,Grade 4,SD:SD,MAT,4,MRPCM,NC,North Carolina,TOTAL,All students,1,All students,30.4700827700979,1,0
660,2019,R3,2019,1,Grade 4,ALD:AD,MAT,4,MRPCM,ND,North Dakota,TOTAL,All students,1,All students,7.33831161969849,1,0
661,2019,R3,2019,1,Grade 4,ALD:BA,MAT,4,MRPCM,ND,North Dakota,TOTAL,All students,1,All students,39.8788338330679,1,0
662,2019,R3,2019,1,Grade 4,MN:MN,MAT,4,MRPCM,ND,North Dakota,TOTAL,All students,1,All students,242.928390806625,1,0
663,2019,R3,2019,1,Grade 4,ALD:PR,MAT,4,MRPCM,ND,North Dakota,TOTAL,All students,1,All students,37.0040425673205,1,0
664,2019,R3,2019,1,Grade 4,SD:SD,MAT,4,MRPCM,ND,North Dakota,TOTAL,All students,1,All students,28.8270529055937,1,0
665,2019,R3,2019,1,Grade 4,ALD:AD,MAT,4,MRPCM,NE,Nebraska,TOTAL,All students,1,All students,9.76073733786163,1,0
666,2019,R3,2019,1,Grade 4,ALD:BA,MAT,4,MRPCM,NE,Nebraska,TOTAL,All students,1,All students,38.6413043862452,1,0
667,2019,R3,2019,1,Grade 4,MN:MN,MAT,4,MRPCM,NE,Nebraska,TOTAL,All students,1,All students,243.770986026308,1,0
668,2019,R3,2019,1,Grade 4,ALD:PR,MAT,4,MRPCM,NE,Nebraska,TOTAL,All students,1,All students,35.7242290796181,1,0
669,2019,R3,2019,1,Grade 4,SD:SD,MAT,4,MRPCM,NE,Nebraska,TOTAL,All students,1,All students,30.7854992989495,1,0
670,2019,R3,2019,1,Grade 4,ALD:AD,MAT,4,MRPCM,NH,New Hampshire,TOTAL,All students,1,All students,9.0010367600418,1,0
671,2019,R3,2019,1,Grade 4,ALD:BA,MAT,4,MRPCM,NH,New Hampshire,TOTAL,All students,1,All students,39.8854708599892,1,0
672,2019,R3,2019,1,Grade 4,MN:MN,MAT,4,MRPCM,NH,New Hampshire,TOTAL,All students,1,All students,244.559196330017,1,0
673,2019,R3,2019,1,Grade 4,ALD:PR,MAT,4,MRPCM,NH,New Hampshire,TOTAL,All students,1,All students,36.8180472351867,1,0
674,2019,R3,2019,1,Grade 4,SD:SD,MAT,4,MRPCM,NH,New Hampshire,TOTAL,All students,1,All students,29.7196536039001,1,0
675,2019,R3,2019,1,Grade 4,ALD:AD,MAT,4,MRPCM,NJ,New Jersey,TOTAL,All students,1,All students,11.594838289046,1,0
676,2019,R3,2019,1,Grade 4,ALD:BA,MAT,4,MRPCM,NJ,New Jersey,TOTAL,All students,1,All students,37.0847770952603,1,0
677,2019,R3,2019,1,Grade 4,MN:MN,MAT,4,MRPCM,NJ,New Jersey,TOTAL,All students,1,All students,245.931598653239,1,0
678,2019,R3,2019,1,Grade 4,ALD:PR,MAT,4,MRPCM,NJ,New Jersey,TOTAL,All students,1,All students,36.5611059885087,1,0
679,2019,R3,2019,1,Grade 4,SD:SD,MAT,4,MRPCM,NJ,New Jersey,TOTAL,All students,1,All students,31.0737741258616,1,0
680,2019,R3,2019,1,Grade 4,ALD:AD,MAT,4,MRPCM,NM,New Mexico,TOTAL,All students,1,All students,4.40407573848026,1,0
681,2019,R3,2019,1,Grade 4,ALD:BA,MAT,4,MRPCM,NM,New Mexico,TOTAL,All students,1,All students,43.5753957852039,1,0
682,2019,R3,2019,1,Grade 4,MN:MN,MAT,4,MRPCM,NM,New Mexico,TOTAL,All students,1,All students,231.110316729628,1,0
683,2019,R3,2019,1,Grade 4,ALD:PR,MAT,4,MRPCM,NM,New Mexico,TOTAL,All students,1,All students,24.3188038918218,1,0
684,2019,R3,2019,1,Grade 4,SD:SD,MAT,4,MRPCM,NM,New Mexico,TOTAL,All students,1,All students,31.0879382923639,1,0
685,2019,R3,2019,1,Grade 4,ALD:AD,MAT,4,MRPCM,NT,National,TOTAL,All students,1,All students,8.72298673613834,1,0
686,2019,R3,2019,1,Grade 4,ALD:BA,MAT,4,MRPCM,NT,National,TOTAL,All students,1,All students,39.5470544404934,1,0
687,2019,R3,2019,1,Grade 4,MN:MN,MAT,4,MRPCM,NT,National,TOTAL,All students,1,All students,240.526149981042,1,0
688,2019,R3,2019,1,Grade 4,ALD:PR,MAT,4,MRPCM,NT,National,TOTAL,All students,1,All students,32.3351947779706,1,0
689,2019,R3,2019,1,Grade 4,SD:SD,MAT,4,MRPCM,NT,National,TOTAL,All students,1,All students,31.7652629863339,1,0
690,2019,R3,2019,1,Grade 4,ALD:AD,MAT,4,MRPCM,NV,Nevada,TOTAL,All students,1,All students,5.56351652018549,1,0
691,2019,R3,2019,1,Grade 4,ALD:BA,MAT,4,MRPCM,NV,Nevada,TOTAL,All students,1,All students,42.8152882578312,1,0
692,2019,R3,2019,1,Grade 4,MN:MN,MAT,4,MRPCM,NV,Nevada,TOTAL,All students,1,All students,235.626272636424,1,0
693,2019,R3,2019,1,Grade 4,ALD:PR,MAT,4,MRPCM,NV,Nevada,TOTAL,All students,1,All students,28.7395525708178,1,0
694,2019,R3,2019,1,Grade 4,SD:SD,MAT,4,MRPCM,NV,Nevada,TOTAL,All students,1,All students,30.5506215022155,1,0
695,2019,R3,2019,1,Grade 4,ALD:AD,MAT,4,MRPCM,NY,New York,TOTAL,All students,1,All students,7.85554546292148,1,0
696,2019,R3,2019,1,Grade 4,ALD:BA,MAT,4,MRPCM,NY,New York,TOTAL,All students,1,All students,39.5385473501123,1,0
697,2019,R3,2019,1,Grade 4,MN:MN,MAT,4,MRPCM,NY,New York,TOTAL,All students,1,All students,236.730707220478,1,0
698,2019,R3,2019,1,Grade 4,ALD:PR,MAT,4,MRPCM,NY,New York,TOTAL,All students,1,All students,29.0844961884909,1,0
699,2019,R3,2019,1,Grade 4,SD:SD,MAT,4,MRPCM,NY,New York,TOTAL,All students,1,All students,33.2660885231795,1,0
700,2019,R3,2019,1,Grade 4,ALD:AD,MAT,4,MRPCM,OH,Ohio,TOTAL,All students,1,All students,7.83815585578399,1,0
701,2019,R3,2019,1,Grade 4,ALD:BA,MAT,4,MRPCM,OH,Ohio,TOTAL,All students,1,All students,40.7794879305828,1,0
702,2019,R3,2019,1,Grade 4,MN:MN,MAT,4,MRPCM,OH,Ohio,TOTAL,All students,1,All students,241.140473457804,1,0
703,2019,R3,2019,1,Grade 4,ALD:PR,MAT,4,MRPCM,OH,Ohio,TOTAL,All students,1,All students,33.2879101787334,1,0
704,2019,R3,2019,1,Grade 4,SD:SD,MAT,4,MRPCM,OH,Ohio,TOTAL,All students,1,All students,29.8977586258482,1,0
705,2019,R3,2019,1,Grade 4,ALD:AD,MAT,4,MRPCM,OK,Oklahoma,TOTAL,All students,1,All students,4.51744101860309,1,0
706,2019,R3,2019,1,Grade 4,ALD:BA,MAT,4,MRPCM,OK,Oklahoma,TOTAL,All students,1,All students,45.8011329696747,1,0
707,2019,R3,2019,1,Grade 4,MN:MN,MAT,4,MRPCM,OK,Oklahoma,TOTAL,All students,1,All students,237.195424934057,1,0
708,2019,R3,2019,1,Grade 4,ALD:PR,MAT,4,MRPCM,OK,Oklahoma,TOTAL,All students,1,All students,29.9830473672487,1,0
709,2019,R3,2019,1,Grade 4,SD:SD,MAT,4,MRPCM,OK,Oklahoma,TOTAL,All students,1,All students,27.7761472055949,1,0
710,2019,R3,2019,1,Grade 4,ALD:AD,MAT,4,MRPCM,OR,Oregon,TOTAL,All students,1,All students,8.57324261838242,1,0
711,2019,R3,2019,1,Grade 4,ALD:BA,MAT,4,MRPCM,OR,Oregon,TOTAL,All students,1,All students,38.1496989699102,1,0
712,2019,R3,2019,1,Grade 4,MN:MN,MAT,4,MRPCM,OR,Oregon,TOTAL,All students,1,All students,236.3490312284,1,0
713,2019,R3,2019,1,Grade 4,ALD:PR,MAT,4,MRPCM,OR,Oregon,TOTAL,All students,1,All students,28.6734852366192,1,0
714,2019,R3,2019,1,Grade 4,SD:SD,MAT,4,MRPCM,OR,Oregon,TOTAL,All students,1,All students,34.340391939534,1,0
715,2019,R3,2019,1,Grade 4,ALD:AD,MAT,4,MRPCM,PA,Pennsylvania,TOTAL,All students,1,All students,12.4038008341655,1,0
716,2019,R3,2019,1,Grade 4,ALD:BA,MAT,4,MRPCM,PA,Pennsylvania,TOTAL,All students,1,All students,34.0108685262691,1,0
717,2019,R3,2019,1,Grade 4,MN:MN,MAT,4,MRPCM,PA,Pennsylvania,TOTAL,All students,1,All students,243.936852140578,1,0
718,2019,R3,2019,1,Grade 4,ALD:PR,MAT,4,MRPCM,PA,Pennsylvania,TOTAL,All students,1,All students,34.9093432405004,1,0
719,2019,R3,2019,1,Grade 4,SD:SD,MAT,4,MRPCM,PA,Pennsylvania,TOTAL,All students,1,All students,34.1341622258383,1,0
720,2019,R3,2019,1,Grade 4,ALD:AD,MAT,4,MRPCM,RI,Rhode Island,TOTAL,All students,1,All students,6.61734752156239,1,0
721,2019,R3,2019,1,Grade 4,ALD:BA,MAT,4,MRPCM,RI,Rhode Island,TOTAL,All students,1,All students,40.0982393611863,1,0
722,2019,R3,2019,1,Grade 4,MN:MN,MAT,4,MRPCM,RI,Rhode Island,TOTAL,All students,1,All students,239.344046162253,1,0
723,2019,R3,2019,1,Grade 4,ALD:PR,MAT,4,MRPCM,RI,Rhode Island,TOTAL,All students,1,All students,33.8485505988726,1,0
724,2019,R3,2019,1,Grade 4,SD:SD,MAT,4,MRPCM,RI,Rhode Island,TOTAL,All students,1,All students,30.6601510361037,1,0
725,2019,R3,2019,1,Grade 4,ALD:AD,MAT,4,MRPCM,SC,South Carolina,TOTAL,All students,1,All students,7.15311632649386,1,0
726,2019,R3,2019,1,Grade 4,ALD:BA,MAT,4,MRPCM,SC,South Carolina,TOTAL,All students,1,All students,40.3127435002221,1,0
727,2019,R3,2019,1,Grade 4,MN:MN,MAT,4,MRPCM,SC,South Carolina,TOTAL,All students,1,All students,236.754522609384,1,0
728,2019,R3,2019,1,Grade 4,ALD:PR,MAT,4,MRPCM,SC,South Carolina,TOTAL,All students,1,All students,29.1816755927397,1,0
729,2019,R3,2019,1,Grade 4,SD:SD,MAT,4,MRPCM,SC,South Carolina,TOTAL,All students,1,All students,31.6224645626492,1,0
730,2019,R3,2019,1,Grade 4,ALD:AD,MAT,4,MRPCM,SD,South Dakota,TOTAL,All students,1,All students,6.86293419538853,1,0
731,2019,R3,2019,1,Grade 4,ALD:BA,MAT,4,MRPCM,SD,South Dakota,TOTAL,All students,1,All students,39.8732734495187,1,0
732,2019,R3,2019,1,Grade 4,MN:MN,MAT,4,MRPCM,SD,South Dakota,TOTAL,All students,1,All students,241.296277726994,1,0
733,2019,R3,2019,1,Grade 4,ALD:PR,MAT,4,MRPCM,SD,South Dakota,TOTAL,All students,1,All students,36.1713115075612,1,0
734,2019,R3,2019,1,Grade 4,SD:SD,MAT,4,MRPCM,SD,South Dakota,TOTAL,All students,1,All students,30.278876360592,1,0
735,2019,R3,2019,1,Grade 4,ALD:AD,MAT,4,MRPCM,TN,Tennessee,TOTAL,All students,1,All students,8.54961658918345,1,0
736,2019,R3,2019,1,Grade 4,ALD:BA,MAT,4,MRPCM,TN,Tennessee,TOTAL,All students,1,All students,39.5447836776902,1,0
737,2019,R3,2019,1,Grade 4,MN:MN,MAT,4,MRPCM,TN,Tennessee,TOTAL,All students,1,All students,239.698504109313,1,0
738,2019,R3,2019,1,Grade 4,ALD:PR,MAT,4,MRPCM,TN,Tennessee,TOTAL,All students,1,All students,31.3444097158947,1,0
739,2019,R3,2019,1,Grade 4,SD:SD,MAT,4,MRPCM,TN,Tennessee,TOTAL,All students,1,All students,31.8760941453184,1,0
740,2019,R3,2019,1,Grade 4,ALD:AD,MAT,4,MRPCM,TX,Texas,TOTAL,All students,1,All students,9.23249477901794,1,0
741,2019,R3,2019,1,Grade 4,ALD:BA,MAT,4,MRPCM,TX,Texas,TOTAL,All students,1,All students,40.71414336654,1,0
742,2019,R3,2019,1,Grade 4,MN:MN,MAT,4,MRPCM,TX,Texas,TOTAL,All students,1,All students,243.616542643714,1,0
743,2019,R3,2019,1,Grade 4,ALD:PR,MAT,4,MRPCM,TX,Texas,TOTAL,All students,1,All students,34.4403628672886,1,0
744,2019,R3,2019,1,Grade 4,SD:SD,MAT,4,MRPCM,TX,Texas,TOTAL,All students,1,All students,29.6546993912859,1,0
745,2019,R3,2019,1,Grade 4,ALD:AD,MAT,4,MRPCM,UT,Utah,TOTAL,All students,1,All students,10.7725463916896,1,0
746,2019,R3,2019,1,Grade 4,ALD:BA,MAT,4,MRPCM,UT,Utah,TOTAL,All students,1,All students,36.0743032491463,1,0
747,2019,R3,2019,1,Grade 4,MN:MN,MAT,4,MRPCM,UT,Utah,TOTAL,All students,1,All students,243.78904583418,1,0
748,2019,R3,2019,1,Grade 4,ALD:PR,MAT,4,MRPCM,UT,Utah,TOTAL,All students,1,All students,35.5721521683552,1,0
749,2019,R3,2019,1,Grade 4,SD:SD,MAT,4,MRPCM,UT,Utah,TOTAL,All students,1,All students,32.0711265600707,1,0
750,2019,R3,2019,1,Grade 4,ALD:AD,MAT,4,MRPCM,VA,Virginia,TOTAL,All students,1,All students,11.8294623265723,1,0
751,2019,R3,2019,1,Grade 4,ALD:BA,MAT,4,MRPCM,VA,Virginia,TOTAL,All students,1,All students,39.0681499540982,1,0
752,2019,R3,2019,1,Grade 4,MN:MN,MAT,4,MRPCM,VA,Virginia,TOTAL,All students,1,All students,246.88947954089,1,0
753,2019,R3,2019,1,Grade 4,ALD:PR,MAT,4,MRPCM,VA,Virginia,TOTAL,All students,1,All students,36.0783229552788,1,0
754,2019,R3,2019,1,Grade 4,SD:SD,MAT,4,MRPCM,VA,Virginia,TOTAL,All students,1,All students,30.2409558638634,1,0
755,2019,R3,2019,1,Grade 4,ALD:AD,MAT,4,MRPCM,VT,Vermont,TOTAL,All students,1,All students,6.86803172673167,1,0
756,2019,R3,2019,1,Grade 4,ALD:BA,MAT,4,MRPCM,VT,Vermont,TOTAL,All students,1,All students,42.2337420535616,1,0
757,2019,R3,2019,1,Grade 4,MN:MN,MAT,4,MRPCM,VT,Vermont,TOTAL,All students,1,All students,238.89989740832,1,0
758,2019,R3,2019,1,Grade 4,ALD:PR,MAT,4,MRPCM,VT,Vermont,TOTAL,All students,1,All students,31.9276382659418,1,0
759,2019,R3,2019,1,Grade 4,SD:SD,MAT,4,MRPCM,VT,Vermont,TOTAL,All students,1,All students,30.8882660880836,1,0
760,2019,R3,2019,1,Grade 4,ALD:AD,MAT,4,MRPCM,WA,Washington,TOTAL,All students,1,All students,9.42727991846263,1,0
761,2019,R3,2019,1,Grade 4,ALD:BA,MAT,4,MRPCM,WA,Washington,TOTAL,All students,1,All students,39.5260969030921,1,0
762,2019,R3,2019,1,Grade 4,MN:MN,MAT,4,MRPCM,WA,Washington,TOTAL,All students,1,All students,239.510817473469,1,0
763,2019,R3,2019,1,Grade 4,ALD:PR,MAT,4,MRPCM,WA,Washington,TOTAL,All students,1,All students,29.8509294575866,1,0
764,2019,R3,2019,1,Grade 4,SD:SD,MAT,4,MRPCM,WA,Washington,TOTAL,All students,1,All students,32.7555733184546,1,0
765,2019,R3,2019,1,Grade 4,ALD:AD,MAT,4,MRPCM,WI,Wisconsin,TOTAL,All students,1,All students,10.5754646880497,1,0
766,2019,R3,2019,1,Grade 4,ALD:BA,MAT,4,MRPCM,WI,Wisconsin,TOTAL,All students,1,All students,35.1672523593268,1,0
767,2019,R3,2019,1,Grade 4,MN:MN,MAT,4,MRPCM,WI,Wisconsin,TOTAL,All students,1,All students,241.671245223046,1,0
768,2019,R3,2019,1,Grade 4,ALD:PR,MAT,4,MRPCM,WI,Wisconsin,TOTAL,All students,1,All students,34.1811431771767,1,0
769,2019,R3,2019,1,Grade 4,SD:SD,MAT,4,MRPCM,WI,Wisconsin,TOTAL,All students,1,All students,34.3720862857913,1,0
770,2019,R3,2019,1,Grade 4,ALD:AD,MAT,4,MRPCM,WV,West Virginia,TOTAL,All students,1,All students,3.44388509931248,1,0
771,2019,R3,2019,1,Grade 4,ALD:BA,MAT,4,MRPCM,WV,West Virginia,TOTAL,All students,1,All students,44.4698331414776,1,0
772,2019,R3,2019,1,Grade 4,MN:MN,MAT,4,MRPCM,WV,West Virginia,TOTAL,All students,1,All students,231.496137336298,1,0
773,2019,R3,2019,1,Grade 4,ALD:PR,MAT,4,MRPCM,WV,West Virginia,TOTAL,All students,1,All students,26.2025608509343,1,0
774,2019,R3,2019,1,Grade 4,SD:SD,MAT,4,MRPCM,WV,West Virginia,TOTAL,All students,1,All students,31.0092058291175,1,0
775,2019,R3,2019,1,Grade 4,ALD:AD,MAT,4,MRPCM,WY,Wyoming,TOTAL,All students,1,All students,8.91069442984866,1,0
776,2019,R3,2019,1,Grade 4,ALD:BA,MAT,4,MRPCM,WY,Wyoming,TOTAL,All students,1,All students,39.3022420166616,1,0
777,2019,R3,2019,1,Grade 4,MN:MN,MAT,4,MRPCM,WY,Wyoming,TOTAL,All students,1,All students,245.843439854955,1,0
778,2019,R3,2019,1,Grade 4,ALD:PR,MAT,4,MRPCM,WY,Wyoming,TOTAL,All students,1,All students,38.8915691796685,1,0
779,2019,R3,2019,1,Grade 4,SD:SD,MAT,4,MRPCM,WY,Wyoming,TOTAL,All students,1,All students,28.1326303480854,1,0
